Title,Description,Status,Priority,Estimate,Labels,Project,Milestone
Write CONTEXT.md project charter,"Thesis (residual reformulation), definitions, source registry, method, viz plan, acceptance criteria, threats, phases, open questions.

DONE — CONTEXT.md, 488 lines, 10 sections.",Backlog,2,3,docs,Loci,E0 · Foundations
"Scaffold repo: package layout, pyproject, Makefile","loci/{sources,grid,score,model,viz}, uv-managed pyproject, Makefile, .env.example, .gitignore.

DONE.",Backlog,3,2,infra,Loci,E0 · Foundations
DuckDB schema DDL,"raw / staging / analysis schemas. staging.poi is the normalized contract that src/loci/score consumes — no city-specific columns downstream of staging.

CAVEAT that the DB will not enforce: DuckDB GEOMETRY carries no SRID. Everything stored is EPSG:4326 by convention; metric work must reproject explicitly. Hold this in code.

DONE — src/loci/sql/001_bootstrap.sql, 002_schema.sql. 9 tables verified.",Backlog,3,3,"infra,ingest",Loci,E0 · Foundations
Machine-readable source registry + drift check,"registry.yaml mirrors CONTEXT.md §3. `loci check-sources` asserts schema validity, budget ceiling, and that every dataset_id in the registry appears in CONTEXT.md — so the human and machine registries cannot drift.

It caught a real drift on its first run (MTA ridership wujg-7c2s was in the registry, missing from the charter).

DONE.",Backlog,3,2,"infra,ingest",Loci,E0 · Foundations
Drop PostGIS for DuckDB; remove Docker from the critical path,"Reversed the original PostGIS choice. The only available image ran emulated (amd64 on arm64) and the 'service path' rationale was speculative.

DuckDB verified end to end: spatial + community h3 extensions, RTREE indexes, ST_Read, read_parquet, and every DDL feature the schema needs. H3 cells stringify to 15 chars, so the CHAR(15) design carried over unchanged.

No container, no daemon, no emulation penalty.

DONE — see CHECKPOINT decision D9.",Backlog,3,3,infra,Loci,E0 · Foundations
Obtain Census API key,"Free and instant: https://api.census.gov/data/key_signup.html
Set CENSUS_API_KEY in .env. Blocks ACS ingest (E1).",Backlog,2,1,"infra,blocker",Loci,E0 · Foundations
Obtain Google Places key with a hard call budget,"Pro SKU $32/1k, 5,000 free calls/month. Budget 5,000 calls ≈ $0–100.

GUARDRAIL: request ONLY id/name/location/types. Adding ratings or hours reprices to Enterprise ($35/1k); reviews or photos to Enterprise+Atmosphere ($40/1k). Enforce LOCI_GOOGLE_CALL_BUDGET in the client.

Needed W4, not W1.

DONE 2026-09-02 — src/loci/validation/google_places.py: persisted call ledger, refuses when LOCI_GOOGLE_CALL_BUDGET is unset or exhausted, minimal field mask (id/location/types). `loci validate --dry-run` plans the spend; `--run` executes under the cap. Webmap per-click calls capped by GOOGLE_CLICK_BUDGET (default OFF).",Backlog,3,1,"infra,blocker",Loci,E0 · Foundations
VERIFY: LODES8 block vintage is 2020 TIGER across all years,"CONTEXT.md open question #5. If LODES8 uses 2020 blocks for every vintage, the 2002–2023 panel needs no 2010/2020 crosswalk. If it does not, budget a crosswalk before E3.

This is the cheapest possible check and it de-risks the entire panel. Do it first.

Source: https://lehd.ces.census.gov/data/lodes/LODES8/",Backlog,1,2,"ingest,rigor",Loci,E1 · Ingest and Grid
VERIFY: DCWP Legally Operating Businesses freshness,"CONTEXT.md open question #6. The portal has shown a stale refresh date (data as of 2023). Confirm the current vintage via the Socrata metadata endpoint.

If stale: downgrade DCWP to snapshot-only and lean harder on DOHMH as the anchor.",Backlog,2,1,"ingest,rigor",Loci,E1 · Ingest and Grid
Overture Places adapter → staging.poi,"GeoParquet via overturemaps-py, NYC bbox. Map Overture categories onto the 15 Loci categories (CONTEXT.md §2.1).

Overture's schema is coarse for personal services — expect the salon/laundromat mapping to be the lossy part, and record mapping confidence in staging.poi.confidence.",Backlog,2,5,ingest,Loci,E1 · Ingest and Grid
Foursquare OS Places adapter,"Apache-2.0, separate taxonomy from Overture. Used as a cross-check, not as the base layer — FSQ skews toward venues with check-in history, i.e. away from laundromats.

Why it matters under the gap screen: it is the only free bulk source with fine-grained gym / hardware / urgent-care labels — the top gap types with no government anchor.

BLOCKED 2026-09-02 on access: public S3 bucket retired (holds LICENSE/NOTICE only); data is on the Places Portal (Iceberg token) or the gated Hugging Face mirror. Adapter written (sources/universal/foursquare_places.py, tests pass); set HF_TOKEN after accepting the terms, then `loci ingest --source foursquare_os_places --dry-run` and tighten LEAF_CATEGORY against the reported unmapped leaves.

DONE 2026-09-02 — token obtained, NYC extract cached (821k rows, <1 min), category map rebuilt from the real 1,279-label taxonomy (path-prefix rules for the restaurant/bar/cafe families; Deli, ATM, Doctor's Office and specialist physicians deliberately dropped). FRESHNESS GATE added: corroboration by other sources is <10% for rows last refreshed before 2019 vs 55% for 2026, so only rows refreshed since 2024 load (109k of 191k mapped; 54k canonical). Effect on the gap screen was modest once ghosts were removed: hardware 270→245, fitness 154→138, clinic 148→91.",Backlog,3,3,ingest,Loci,E1 · Ingest and Grid
OSM Overpass adapter,"Tag vocabulary of record (CONTEXT.md §2.1 table). Also the third opinion on presence.

Carries the project's most dangerous bias — see E4 coverage validation.",Backlog,3,3,ingest,Loci,E1 · Ingest and Grid
DOHMH restaurant inspections adapter (ANCHOR source),"Dataset 43nn-pn8j. ~30k establishments, near-census of food service — every food establishment is inspected, so within the food tier the true count is effectively known.

This is the calibration anchor for the whole coverage-bias mitigation (CONTEXT.md §7.1). Treat it as the project's most valuable data asset.",Backlog,1,3,ingest,Loci,E1 · Ingest and Grid
DCWP licenses adapter,Dataset w7w3-xahh. Laundries and other DCWP-licensed categories. Has issuance dates — the raw material for the deferred E5 license panel.,Backlog,3,3,ingest,Loci,E1 · Ingest and Grid
NYS DOS Appearance Enhancement adapter,"Dataset y3u4-jbgh. Best available source for nail/hair.

CONSTRAINT: active-only, therefore survivorship-biased. Snapshot enrichment ONLY. Must never be used to construct an openings/closings series — enforce this in the adapter, not just in docs.",Backlog,3,2,ingest,Loci,E1 · Ingest and Grid
USDA SNAP retailer adapter (ANCHOR for grocery/convenience),"USDA SNAP Retailer Locator via its ArcGIS feature service. Near-census of stores that accept SNAP; store type separates Supermarket/Grocery from Convenience by stocking breadth.

Why: tier 1 is 40% of the index and had no anchor. Its bias runs the OPPOSITE way from OSM (misses non-SNAP stores in affluent areas), which makes it a second calibration curve for the coverage-bias check.

Verified 2026-09-02: 8,052 five-borough rows, lat/lon on every row.",Backlog,2,3,ingest,Loci,E1 · Ingest and Grid
NYS SLA liquor license adapter (ANCHOR for bars),"Dataset 9s3h-dpkz. Anchor for the bar category, which the DOHMH adapter deliberately does not emit.

Mapping is conservative — license descriptions do not say bar. Emits `bar` for Food & Beverage Business, Club, Cabaret, Bottle Club; skips Restaurant (DOHMH) and Additional Bar riders. QUESTIONS.md H-D9 tracks the open mapping question.

Companion inactive file 6dg3-2z7i makes closures recoverable — a candidate E5 panel.

Verified 2026-09-02: 24,711 NYC rows, 98.5% georeferenced.",Backlog,2,3,ingest,Loci,E1 · Ingest and Grid
Cross-source POI dedup / entity resolution,"The same laundromat appears in Overture, FSQ, OSM and DCWP. Without dedup the DNCI inflates wherever coverage overlaps — which is itself geographically biased, so the error is not random.

Approach: spatial blocking (~25m) + normalized-name similarity, per category. Emit a survivorship record so counts are auditable.",Backlog,2,5,ingest,Loci,E1 · Ingest and Grid
Build H3 res-9 shoreline-clipped grid,"~7,400 cells over NYC's ~778 km². Drop water-only hexes; retain partial hexes with land_fraction for edge normalization (threat §7.7).",Backlog,2,3,grid,Loci,E1 · Ingest and Grid
PLUTO loader + commercial zoning capacity control,"MapPLUTO 26v2. Extract ZoneDist1, CommFAR, ResidFAR, BuiltFAR, UnitsRes, YearBuilt; area-weight onto hexes.

REQUIRED CONTROL, not optional. Without commercial zoning capacity in the supply model the underserved tail fills with park edges, industrial zones and cemetery blocks, and the top-20 list is indefensible on first inspection.

Also supplies the dasymetric ancillary surface and the development-headroom term.",Backlog,1,5,ingest,Loci,E1 · Ingest and Grid
MTA transit access control,"Stations 39hk-dx4f, Entrances & Exits 68hr-j2j7, Hourly Ridership wujg-7c2s.

Use ENTRANCES, not station centroids — a station can be 400m of walking from its own far entrance. Ridership captures transit quality: a 12-route complex is not a single-route stop.

Caveat to record: ridership window is 2020–2024, so 2020–21 levels are pandemic-depressed.",Backlog,2,3,ingest,Loci,E1 · Ingest and Grid
ACS ingest + dasymetric interpolation onto hexes,"ACS 5-yr tract → H3 via tobler, dasymetric with PLUTO UnitsRes as the ancillary surface. Plain areal weighting would spread population evenly across parks, rail yards and cemeteries.

Propagate MOEs — do not silently treat tract point estimates as exact (threat §7.8).",Backlog,2,5,"grid,ingest",Loci,E1 · Ingest and Grid
Staten Island leverage check,"CONTEXT.md open question #3. Low-density and car-oriented; may act as high-leverage points in the supply model. Include, but check Cook's distance and report results with and without.

CANCELED 2026-09-05 (CHECKPOINT D38, Linear GTM-25): hex geography retired; this is SI leverage on the hex supply model, which belongs to the abandoned E3 causal/residual program — no address-level equivalent.",Backlog,4,2,"model,ingest",Loci,E1 · Ingest and Grid
SHIP W1: POI density map + queryable DB,Week-1 exit criterion. A crude choropleth of raw POI density per hex. Not the finding — proof the pipeline is real and the joins are right.,Backlog,3,2,milestone,Loci,E1 · Ingest and Grid
Build OSMnx pedestrian walk graph,"network_type='walk', 4.8 km/h (80 m/min).

Extend the graph BEYOND the city boundary so cross-boundary businesses are reachable where they genuinely are — otherwise every edge hex is spuriously underserved (threat §7.7).",Backlog,2,3,score,Loci,E2 · Access Engine
Multi-source Dijkstra access engine,"THE performance-critical design decision. Do NOT compute ~7,400 isochrones.

For each of the 15 categories, run ONE multi-source Dijkstra seeded from every POI in that category at once, cut off at threshold distance. Nodes within cutoff are 'served'.

15 traversals instead of 7,400 — minutes not hours, and it makes the 5/10/15-min sweep affordable (45 traversals total).

Emits analysis.hex_access.",Backlog,1,8,score,Loci,E2 · Access Engine
Calibrate saturating k_c per category,"s_c = 1 − exp(−n_c / k_c), calibrated so the first reachable establishment scores ≈0.55.

Essentials tighter (k≈1.25 — one grocery is nearly sufficient); food looser (one restaurant in a 10-min walk is thin, not complete). Revisit against observed count distributions. CONTEXT.md open question #2.",Backlog,3,3,score,Loci,E2 · Access Engine
DNCI: weighted geometric mean + unit tests,"DNCI = Π (s_c + ε)^w_c, ε = 0.01.

THE METHODOLOGICAL CRUX. An arithmetic mean lets a hex with fifty restaurants and no grocery, pharmacy or laundromat score well — precisely the failure the thesis exists to detect. Only the geometric form punishes zeros.

Tests must include the adversarial case: 50 restaurants + 0 essentials must score LOW. If that test passes under an arithmetic mean, the test is wrong.",Backlog,1,5,score,Loci,E2 · Access Engine
Run 5/10/15-minute threshold sweep,10 min (800m) is the headline. 5 min (400m) and 15 min (1200m) as sensitivity and for comparability with the 15-minute-city literature.,Backlog,3,2,score,Loci,E2 · Access Engine
Redefine 'missing' via per-category reach (monotonicity fix),"QUESTIONS.md D6, CHECKPOINT D33. The 'missing' rule is definitionally broken, not mistuned: a hex is a gap for category c at window w iff (no c within w) AND (c is present within w for ≥80% of walkable hexes) — but reusing one window for both the reach test and the eligibility bar violates MONOTONICITY. Anything absent within 800m is absent within 400m, so a gap at 10 min must survive at 5 min; instead Manhattan hardware gaps vanish at 5 min because hardware's 400m prevalence drops to 51% and the 80% bar simply stops expecting it (D31). The rule fuses two questions that must be separated: (a) how far people normally go for category c — a property of the category; (b) whether this hex is anomalous relative to that norm — a property of the hex.

Fix: give each category a fixed REACH set once from revealed spacing (loci spacing already computes hex-to-nearest distance; e.g. the distance within which ≥80% of populated hexes already have one). A hex is a gap for c iff its nearest c is beyond reach(c) — no global window survives. The 80% bar only sets reach; it is never again an eligibility filter. Apply the same treatment to the 'walkable' eligibility gate (currently ≥12/15 categories present within one window): walkable iff within reach of most categories, each at its own reach.

Acceptance criterion: a MONOTONICITY unit test — tightening any distance parameter (window, reach, or the eligibility bar) may only add gaps, never remove them. The current screen fails this test; the redefinition must pass it.

Threat to validity, must be stated in the output: revealed spacing reflects historical SUPPLY, not demand — a category the whole city under-supplies will look like it 'naturally' spaces wide and its gaps vanish under this rule too. Contrarian review of the reach values is required before trusting them.",Backlog,1,5,score,Loci,E2 · Access Engine
Contrarian review of demand.yaml assumed rows and the 0.80 income cutoff,"CHECKPOINT D37: demand.yaml classifies each of the 15 categories as necessity/discretionary to annotate (never filter) the gap screen with a demand_caveat. Only 7 of 15 rows are paper-backed (Meltzer & Schuetz 2012); the other 8 (hardware, bank, clinic, tailor_repair, nails_beauty, hair_barber, laundry, childcare) are owner priors marked evidence:assumed, and the 0.80-of-citywide-mean-income cutoff defining income_class=low is a judgment call carried over from the paper's ZIP-level analysis without re-validation at address level.

D37 requires this review before the annotation ships: demand_caveat stays a table column, NOT rendered on the map, until it passes. Scope: stress-test each assumed row, check whether the 0.80 cutoff produces sensible splits on the address-level income distribution, and check robustness under the paper's own battery (exclude Manhattan, exclude tiny units, alternate cutoffs).

Pushed to Linear 2026-09-05 as GTM-109.",Backlog,2,3,"validation,rigor",Loci,E2 · Access Engine
Port demand_caveat annotation to the address-level gap screen,"CHECKPOINT D37 built the demand annotation on the frozen hex screen (gaps.py); D38 made the residential address the unit of analysis (model/address_gaps.py), which does not yet carry the annotation. D49 then REBUILT the annotation: the binary badge is retired, so this port must carry the D49 form and not the thing D37 shipped.

What to port onto analysis.address_gaps, joined tract -> address through analysis.address_demographics (direct join, no apportionment: an address sits in exactly one tract and carries that tract's MOE as-is; never through hex_demographics):
 • income_ratio — the address's tract median household income divided by citywide MEAN household income ($127,894 ± 988, ACS 2023 B19025/B11001 over the five counties, `loci citywide-income`). Continuous, reported as a number.
 • income_ratio_moe — the tract MOE propagated onto that ratio. Median income MOE runs ~27% of the estimate, which is the whole reason the badge died.
 • income_indeterminate — TRUE where the MOE straddles the comparison. Indeterminate is a THIRD state; it must never be folded into 'not low', because that silently resolves every uncertain case in the direction that keeps the gap looking clean.
 • demand_caveat_text — the reader-facing sentence, with the X6 disclaimer appended. Renderers must not truncate it: the disclaimer is its tail. Clinic is excluded from the annotation (D30).

The necessity/discretionary class comes from demand.yaml as D49 rebuilt it — derived from spend.yaml's BLS CEX income elasticity at the 0.35 cut, which is identified (it is the only cut that reproduces all seven Meltzer & Schuetz paper-backed rows), not an owner prior. Do not re-import income_class or the old population-weighted-median denominator; both are superseded. demand_caveat / lead_missing key off the MOE-confident test (income_ratio + income_ratio_moe < 0.80).

NON-NEGOTIABLE and the thing the test must prove: the annotation NEVER changes which (address, category) pairs are gaps and never changes their order. Re-run D37's set-equality test at address level — run the screen with the annotation forced off and assert an identical gap set — and add a rank-stability assertion, because D48 requires graded output that is refined, never filtered. An annotation that reorders leads has become a filter wearing a costume.

No longer gated on GTM-109: that contrarian review is complete and its verdict IS D49.

Reframed 2026-09-09 (D38/D49): ports the continuous MOE-gated annotation via address_demographics; the binary income_class / caveated_missing version is retired and must not be ported.

Pushed to Linear 2026-09-05 as GTM-110.

Done 2026-09-09 (CHECKPOINT D57): shipped as analysis.address_demand, a sibling table keyed by address_id with no write path to address_gaps — the non-filtering guarantee is mechanical, not conventional. MN+BK: 627,439 rows over 281,842 addresses, 107,009 caveated (17.1%), 286,159 income-indeterminate (45.6%); address_gaps checksums byte-identical before and after.",Done,3,3,model,Loci,E2 · Access Engine
Feed ZBP size bands into D9 and establishments-per-resident into O6,"QUESTIONS D9 asks whether a count/distance gap flag misses quality gaps a size/diversity measure would catch; QUESTIONS O6 needs a category-specific minimum-viable-catchment population. D40 already built the data both need and it sits unused: analysis.zip_category_establishments carries CBP size bands per category per ZIP, and analysis.zip_establishments plus dasymetric ZIP population give establishments-per-resident directly.

Scope: (1) join size-band shares into D9 as a first size/diversity proxy alongside the existing Herfindahl approach; (2) compute establishments-per-resident by category and feed it into O6's minimum-viable-catchment estimate, then express the result the way the screen now consumes it — as a per-category minimum catchment population that the ADDRESS-level reach ratio is read against (a category whose viable catchment exceeds what an address's reach ring contains is a category the screen should not expect there). Low priority — inputs to open research questions, not blocking any shipped deliverable.

The population denominator must NOT come from the frozen hex layer: the existing establishments-per-resident path ran ZIP population off the majority-vote hex->ZIP crosswalk (GTM-108 scope item 3), which D38 retired. Use ZCTA polygons against tract population, or aggregate analysis.address_demographics to ZCTA — either way the denominator is built from tract->address, not tract->hex.

Reframed 2026-09-09 (D38): denominator moves off the hex->ZIP crosswalk; O6's output is stated as an input to the address-level reach ratio.

Pushed to Linear 2026-09-05 as GTM-111.",Backlog,4,2,validation,Loci,E2 · Access Engine
Density-class / mode-dependent thresholds,"QUESTIONS.md D7, CHECKPOINT D31. Lower Manhattan and car-dependent outer-borough areas should not share one walk window — a 10-minute walk means something different in a district built for foot traffic than in one built for cars. Cheap proxy needing no new data: scale the per-category threshold (from the sibling ticket) by residential density class. Honest version: ACS vehicle ownership per tract (table B25044), depends on an ACS vehicle-ownership ingest; Census key is set.

Note the interaction with per-category thresholds: threshold(category, density_class) is one small parameterization, not two independent sweeps multiplied together — keep it deliberately small (e.g. 2–3 density tiers) to avoid overfitting a matrix nobody can audit by eye.",Backlog,3,5,score,Loci,E2 · Access Engine
Persist hex↔business network distances (hex_poi_distance),"hex_access stored only counts at 5/10/15 min and discarded the Dijkstra results, so every new question (another walk time, distance to nearest, spacing, the Google coverage comparison) meant a two-minute graph recompute — and the threshold could not be swept.

Now: analysis.hex_poi_distance holds every (hex, canonical business) pair within 30 min with its network distance; hex_access is DERIVED from it in SQL so the two cannot disagree. gaps, spacing and the sweep read the table. `loci score` builds it.

DONE 2026-09-02 — 16.2M rows, ~3 min; derived hex_access matched the previous build row-for-row (229,133 rows; 461,421 / 1,880,500 / 4,235,014 pairs). Nearest-of-category per hex now answers in 60 ms.",Backlog,3,3,"score,ingest",Loci,E2 · Access Engine
SHIP W2: the DNCI map,Week-2 exit criterion and the first genuinely interesting artifact. Sequential palette. Sanity-check against local knowledge before proceeding to E3.,Backlog,2,3,milestone,Loci,E2 · Access Engine
Fit the supply model,"DNCI ~ pop_density + median_hh_income + transit_access + commercial_zoning_capacity + land_fraction + borough FE.

Check prediction P1: the residual must have meaningful spread. If R² > 0.9 there is nothing left to explain and the thesis has no room to be true — report that honestly rather than tuning until it isn't.",Backlog,1,5,model,Loci,E3 · Residual and Panel
Moran's I + spatial error/lag model,"MANDATORY, not optional. Compute Moran's I on residuals; if significant (it will be), re-estimate with pysal spreg and report both.

OLS standard errors on gridded urban data are wrong. Shipping a p-value without this is shipping a p-value you cannot defend.",Backlog,2,5,"model,rigor",Loci,E3 · Residual and Panel
Residual extraction + opportunity score,"opportunity = (−u_h)⁺ × transit_access × (ResidFAR − BuiltFAR)⁺.

Underserved AND transit-connected AND room to build. Any one of the three missing disqualifies the hex.",Backlog,2,3,model,Loci,E3 · Residual and Panel
LODES WAC annual panel loader 2002–2023,"NY state WAC files, target NAICS 4451/4461/7224/7225/8121/8123/4441/6244. Block-level, 22 vintages.

Blocked on the LODES8 block-vintage verification (E1).",Backlog,2,5,"panel,ingest",Loci,E3 · Residual and Panel
LODES block → hex apportionment,"Areal apportionment of block-level jobs onto H3 cells.

Document the proxy assumption loudly: LODES counts JOBS, not establishments. A ten-employee supermarket and a one-employee laundromat are not comparable units (threat §7.4).",Backlog,2,3,"panel,grid",Loci,E3 · Residual and Panel
Quantify pre-2020 LODES allocation bias,"Discovered while resolving the LODES vintage check.

LODES8 puts every year on 2020 blocks, but historical years got there by ALLOCATION, not observation: when a 2010 block splits, each job is assigned to a child block at random with probability proportional to AREA share. Census: 'the allocation is a statistical process and may not result in a distribution of jobs that exactly matches the areal distribution.'

Area-proportional is a poor assumption in NYC — a block splitting into a park half and a commercial half spreads jobs by area, putting employment in the park.

This is BIAS, not noise: the error concentrates where blocks were split, blocks split where development happened, and development is the outcome variable.

Size the exposure, test whether H3 res-9 aggregation actually absorbs it, and if not restrict the strongest claims to 2020+ observed data. CONTEXT.md threat 7.4(b).

CANCELED 2026-09-05 (CHECKPOINT D38, Linear GTM-63): hex geography retired; sizes bias in the pre-2020 LODES panel built for the E3 causal/growth chain, which already ran and returned its rejected result — no address-level equivalent.",Backlog,2,5,"panel,rigor",Loci,E3 · Residual and Panel
Validate LODES 2023 against establishment counts,"Correlate the 2023 LODES cross-section against 2023 DOHMH/DCWP establishment counts per hex. Report the correlation.

This is what licenses the jobs→establishments proxy. Without it the whole panel rests on an unexamined assumption.

CANCELED 2026-09-05 (CHECKPOINT D38, Linear GTM-38): hex geography retired; validates the LODES panel for the abandoned E3 causal chain — D40's ZBP comparison now serves this role directly.",Backlog,2,3,"panel,validation",Loci,E3 · Residual and Panel
Assemble outcome variables,"Δlog population, Δlog households (ACS); Δlog ZORI (Zillow, ZIP→hex); permitted residential units (DOB/HPD).

ZIP→hex crosswalk by population weighting — CONTEXT.md open question #4. Label rent as the weakest of the four outcomes in the memo and mean it.

CANCELED 2026-09-05 (CHECKPOINT D38, Linear GTM-39): hex geography retired; these outcomes fed the E3 growth regression (GTM-40), which already ran and returned the rejected null — no address-level equivalent.",Backlog,2,5,ingest,Loci,E3 · Residual and Panel
Main growth regression (prediction P2),"Δy_{h,t0→t1} = β·u_{h,t0} + γ'X_{h,t0} + α_borough + ε, t0=2013 t1=2023.

P2 predicts β < 0 (more negative residual → more subsequent growth). A null or wrong-signed result is a real answer: it would mean gaps persist because they reflect durable demand suppression, not latent opportunity. Report it either way.",Backlog,1,5,model,Loci,E3 · Residual and Panel
Pre-trend test (2003→2013),"Estimate the same spec on the PRIOR decade. If u_2013 also 'predicts' 2003→2013 growth, parallel trends is broken and the causal reading is unavailable.

Report it whichever way it comes out. This is the check a serious reader will ask for first.",Backlog,1,3,"model,rigor",Loci,E3 · Residual and Panel
Placebo outcome,"An outcome with no plausible mechanism — e.g. change in share of population aged 65+ — must return a null. If it doesn't, the specification is picking up generic neighborhood trajectory rather than the retail channel.",Backlog,2,2,"model,rigor",Loci,E3 · Residual and Panel
MAUP sweep at res 8 and res 10,"Re-run the whole chain at two other resolutions; report coefficient stability. If conclusions flip with grid size, say so plainly (threat §7.3).

CANCELED 2026-09-05 (CHECKPOINT D38, Linear GTM-43): hex geography retired; a hex-resolution MAUP re-gridding sweep has no address-level analogue.",Backlog,2,3,"model,rigor",Loci,E3 · Residual and Panel
Tier-weight sensitivity analysis,"Tier weights (0.40/0.20/0.25/0.15) are judgment, not derived. Sweep plausible alternatives and report whether the top-20 list is stable under reweighting. CONTEXT.md open question #1.

CANCELED 2026-09-05 (CHECKPOINT D38, Linear GTM-44): hex geography retired; sweeps hex DNCI/supply-model tier weights feeding the abandoned E3 residual — no address-level equivalent.",Backlog,3,3,"model,score",Loci,E3 · Residual and Panel
Top-20 list + zoning-artifact audit,"Produce the ranked list of transit-rich underserved hexes.

HARD GATE: manually inspect for park edges, industrial zones and cemetery blocks. Any present means the commercial-zoning control failed — fix the model, do not hand-remove the rows.

Also check it contains ≥3 genuine surprises. A list of only obvious places means the residual isn't doing any work.",Backlog,1,3,"model,infra",Loci,E3 · Residual and Panel
Spacing and nearest-missing distance diagnostics,"QUESTIONS.md D5. Two read-only diagnostics the gap screen cannot answer on its own: (1) nearest-neighbour distance between businesses of the SAME category — how clustered each trade is and how often a business has no competitor within a walk; (2) for each gap hex, straight-line distance to the nearest business of its lead-missing category — separates marginal 10-minute gaps from real holes.

DONE 2026-09-02 — `loci spacing` (src/loci/model/spacing.py). Found and fixed on the way: DuckDB ST_Distance_Sphere reads (lat, lon) — decision D16, shared METRES_SQL in db.py.",Backlog,4,2,model,Loci,E3 · Residual and Panel
Residual convergence test,"QUESTIONS.md T5 — does the gap close on its own?

Over 2002–2023, do hexes with a negative residual at t converge toward their peers by t+k (retail employment growth regressed on the lagged residual, borough FE)?

Why it matters: if the market already corrects undersupply, the opportunity is TIMING, not location — a different product and a different memo. Cheap once the LODES panel exists; pull forward if W3 has slack, otherwise it slides to Phase 5.

CANCELED 2026-09-05 (CHECKPOINT D38, Linear GTM-64): hex geography retired; belongs to the closed E3 causal program — no address-level equivalent.",Backlog,4,3,"panel,model",Loci,E3 · Residual and Panel
Retail lead/lag timing test,"QUESTIONS.md T6 — does retail lead or lag rooftops?

Cross-correlate annual per-hex changes in LODES retail employment with changes in population at leads and lags of 1–5 years.

Why it matters: 'retail follows rooftops' is the assumption the whole residual design rests on (D1). This is the one place it gets tested rather than asserted.

CAVEATS to state: ACS 5-year smoothing limits timing resolution to roughly half-decades; LODES counts jobs, not storefronts (M2).

CANCELED 2026-09-05 (CHECKPOINT D38, Linear GTM-65): hex geography retired; tests the D1 assumption underlying the abandoned hex residual design — no address-level equivalent.",Backlog,4,3,"panel,model",Loci,E3 · Residual and Panel
SHIP W3: empirical result + top-20,"Week-3 exit criterion.

CANCELED 2026-09-05 (CHECKPOINT D38, Linear GTM-46): hex geography retired; ships the E3 hex residual coefficient and top-20, retained only as honest negative science, not the product. The address-level ranked list is a separate, already-shipped deliverable (D44).",Backlog,2,2,milestone,Loci,E3 · Residual and Panel
Design stratified coverage validation sample,"Prediction P3 and threat §7.1 — the one that can invalidate everything.

OSM/Overture undercount small business in lower-income and immigrant neighborhoods: exactly the areas the thesis flags as underserved. If the undercount is strong there and weak in Park Slope, the 'retail gap' is a data gap wearing a costume.

Draw hexes at random within each income decile, and cross-stratify by foreign-born share (ACS) so borough / immigrant-neighborhood contrasts in the residual (QUESTIONS.md X3) can be separated from coverage bias. Fix n per stratum against the 5,000-call budget before spending anything.

DONE 2026-09-02 — src/loci/validation/sample.py: NTILE(10) on median income among populated hexes, seeded random draw per decile, like-for-like 800 m straight-line counts for Google vs Overture/OSM/anchor. Foreign-born cross-stratification NOT possible yet: hex_demographics has no foreign-born column (add to ACS ingest first). Default plan: 200 hexes × 15 categories = 3,000 calls, inside the free tier.",Backlog,1,3,"validation,critical",Loci,E4 · Validation and Artifact
Run Google Places ground-truth enumeration on sampled gap addresses,"Enumerate ground truth for a stratified sample of gap ADDRESSES drawn from analysis.address_gaps. The sampling frame is the address itself, not a hex centroid standing in for one (D38); scope is Manhattan + Brooklyn (D48). Stratify by income_ratio decile — the continuous measure from analysis.address_demographics, not the retired binary income_class — and by borough, per QUESTIONS M1/D37. Fields: id/name/location/types ONLY; anything more reprices the SKU.

Run on the FIXED harness or the money buys nothing (D50/D53):
 • includedPrimaryTypes, never includedTypes — loci assigns ONE category per place, so any-type matching double-counted a bakery-cafe under restaurant and cafe_bakery and a bodega under grocery and convenience.
 • n_ground_truth_at_cap recorded per row. Nearby Search (New) caps at 20 with no pagination, so a raw len(places) is right-censored; clinic hit the cap in 87.6% of sampled points. A capped row is a censored observation, not a count.
 • ground_truth_types persisted (primary-type histogram) so the per-category type audit stays reproducible.
 • radius_m = 649 written on every row — the gap screen's 800 m NETWORK threshold divided by NYC's measured circuity 1.233, derived in code, not a literal. This is what stops the validator and the screen from disagreeing by construction and needing a manual geometry/coverage split after the fact.

Enforce the call budget in code. Populate analysis.coverage_validation keyed to address_id. Pre-D50 rows (clinic, fitness) are not usable as counts and must not be pooled with this run. Budget note from D50: a corrected 15-category re-run is ~14,850 calls (~$315) and needs a fresh budget approval before this ticket can start.

Reframed 2026-09-05 per CHECKPOINT D38 (address-level geography). Linear GTM-48.
Reframed 2026-09-09 (D38): sampling frame stated as gap addresses stratified on continuous income_ratio; fixed-harness terms (D50 primary-type filter + 20-cap column, D53 649 m per-row radius) written into scope.",Backlog,1,5,"validation,critical,blocker",Loci,E4 · Validation and Artifact
DOHMH-anchored undercount calibration (address level),"Within the food tier the true count is effectively known (DOHMH is a near-census). Measure the OSM/Overture discrepancy vs DOHMH per gap ADDRESS — keyed on address_id, aggregated to an address cluster only where a single ring is too thin to estimate a rate — then use that curve to estimate the expected undercount in the other tiers, where no census exists.

This is the strongest available mitigation and it costs nothing extra: it is the one calibration that does not consume Google budget, which is why it should run before GTM-48 rather than after.

The geometry must match the Google harness or the two calibration curves are not on the same footing: count within the same 649 m straight-line ring (800 m network / 1.233 measured circuity, D53) recorded per row as radius_m, and compare against the D50-corrected category definitions (primary-type semantics, one category per place). Join demographics tract -> address via analysis.address_demographics; never through hex_demographics, which the address screen does not read.

Reframed 2026-09-05 per CHECKPOINT D38 (address-level geography). Linear GTM-49.
Reframed 2026-09-09 (D38): unit is address_id; ring and category semantics aligned to the fixed harness (D50/D53) so this curve and the Google curve are comparable.",Backlog,1,5,"validation,critical",Loci,E4 · Validation and Artifact
Coverage-bias chart,"Undercount rate by income decile, computed over gap ADDRESSES. Bin on income_ratio — the address's tract median household income over citywide MEAN household income, carried per address by analysis.address_demographics — not the retired binary income_class: D49 made the annotation continuous and MOE-gated, and a chart that re-imposes a threshold the screen no longer uses is measuring the threshold. NOT an appendix item.

Addresses whose income_ratio is indeterminate at the tract MOE get their own visible band. Dropping them would bias exactly the low-income tail this chart exists to interrogate, since MOE is largest where the estimate is smallest.

Build it only from fixed-harness rows (D50). Pre-fix clinic and fitness rows are right-censored at the 20-result cap and semantically wrong (any-type matching), so a chart including them would plot the harness, not coverage.

If the finding survives this chart, the chart is the most persuasive artifact in the set. If it doesn't, this chart is how the project learns that honestly rather than shipping a bias as a finding.

Load the `dataviz` skill before writing chart code.

Reframed 2026-09-05 per CHECKPOINT D38 (address-level geography). Linear GTM-50.
Reframed 2026-09-09 (D38/D49): binned on continuous income_ratio from address_demographics, indeterminate shown as its own band, pre-D50 rows excluded.",Backlog,1,2,"viz,critical",Loci,E4 · Validation and Artifact
Google type-map audit per category,"QUESTIONS.md M6, CHECKPOINT D29. The 2026-09-03 Google validation run showed raw survival rates (hardware 58%, fitness 29%, clinic 0%) were mostly measuring how much WIDER or NARROWER Google's included type is than loci's category definition, not measuring coverage — a cheap verification that would have de-risked the whole $-budgeted run if done first.

Known so far, by inspection only: hardware NARROWER (Google's hardware_store type excludes home_improvement_store, so 58% survival is an upper bound on the true hole, not the hole itself); fitness WIDER (gym/fitness_center sweeps in hotel/building gyms loci's bundle excludes); clinic MAXIMALLY wider (Google's doctor type includes every solo physician practice, which loci deliberately excludes — see the clinic re-anchor ticket).

For each of the 15 daily-needs categories (not just the three already sampled), enumerate the exact Google includedTypes used and compare against loci's category definition (registry.yaml + each adapter's category map) — narrower, wider, or aligned. Any survival rate for a category not yet audited this way should be treated as uninterpretable. Urgent: this is the cheap check that determines whether every future Google validation dollar buys a real answer.

Pushed to Linear 2026-09-05 as GTM-105 (High priority).",Backlog,1,3,"validation,critical",Loci,E4 · Validation and Artifact
Fitness anchor source for the ~20% true coverage hole,"QUESTIONS.md M7. D29 found a real ~21% [95% CI 10–37] true-coverage-hole rate for fitness after removing the geometry artifact (loci's canonical layer already had a business inside the 800m network radius but outside the validator's straight-line circle). Fitness has no anchor today — OSM/Overture/Foursquare are all general-purpose POI sources carrying the same undercount bias the project exists to correct for, and none is a near-census the way DOHMH is for food or SNAP is for grocery. D37 already flags fitness as the category most weakened by the demand annotation (on the frozen hex screen, 42% of window-rule fitness gaps sat below the low-income line, where the literature says gyms follow income rather than signalling a supply gap); per D49 that annotation is now continuous and MOE-gated and must be recomputed on addresses (GTM-110), but the reading does not change.

Caveat on the headline number, added 2026-09-09: the ~21% came from a pre-D50 validation run that used any-type matching and an unrecorded 20-result cap, and D50 states plainly that existing fitness rows are not usable as counts. Treat ~21% as the motivating anomaly, not the measurement — the size of the hole has to be re-established on the fixed harness (GTM-48) at address level. That does not weaken the case for finding an anchor; fitness having no near-census is true regardless of the rate.

Candidates to evaluate: a NYS business registry cut for fitness/gym SIC/NAICS codes, DOHMH (if it licenses any fitness-adjacent facility), or state gym/health-club contract-law registration (verify whether NY requires it and whether the file is bulk-accessible).

Whichever anchor is chosen must land in the same staging.poi contract the other anchors use, so the address-level screen (analysis.address_gaps) picks it up without a fitness-specific code path.

Reframed 2026-09-09 (D38/D49/D50): hex framing removed from the demand-annotation line; the ~21% is flagged as a pre-fixed-harness figure that GTM-48 must re-measure on addresses.

Moved from E1 to E4 and pushed to Linear 2026-09-05 as GTM-106.",Backlog,3,3,"validation,ingest",Loci,E4 · Validation and Artifact
Clinic re-anchor to licensed urgent care,"CHECKPOINT D30. The clinic gap is currently unfalsifiable by construction: `sources/universal/foursquare_places.py` deliberately excludes solo doctor's offices from the clinic category, but Google's `doctor` type includes every one of them and saturates at the API cap — 20 results with no pagination, hit at 87.6% of sampled points (D50) — so ANY clinic gap will show a 0% true-hole rate whether or not a real gap exists.

D50 hardened this rather than solving it: the cap is now recorded per row (n_ground_truth_at_cap), so saturation is visible instead of being silently read as a count, and clinic was REMOVED from the Google type map entirely because no Table A primary type isolates NAICS 621493. That makes this ticket the only path back — Google cannot validate clinic at any radius, including the 649 m ring (D53).

Fix: re-anchor clinic to licensed URGENT CARE only (NYS Article 28 facility licensing, or the DOHMH health-facility list), landed in staging.poi like the other anchors so the address-level screen picks it up unchanged. Until this lands, clinic stays excluded from headline gap claims AND from the demand annotation (D30/D49) — this ticket is what unblocks re-including it.

Reframed 2026-09-09 (D38/D50): per-hex saturation language replaced with the per-sampled-point figure and the recorded-cap column; states that clinic is off the Google map, so this is the only route.

Moved from E1 to E4 and pushed to Linear 2026-09-05 as GTM-107.",Backlog,3,3,"validation,ingest",Loci,E4 · Validation and Artifact
ZBP per-source overcount attribution,"CHECKPOINT D40 / QUESTIONS M9. Loci POI counts exceed ZBP establishment counts by a median 2-8x in most categories, concentrated in license-registry-anchored categories (restaurant 3.2x, cafe 3.5x, hair 2.8x, nails 8.0x, bar 6.0x) plus fitness 5.9x, while OSM/Overture-only categories sit near 1 (childcare 0.85, clinic 0.95, laundry 1.3, pharmacy 1.5). Every revealed-spacing reach value in a suspect category is biased tight because it is computed against an inflated denominator.

Scope: (1) rerun `loci zbp-compare` split by source (DOHMH / NYS DOS / NYS SLA / OSM / Overture) to attribute which feed drives each category's overcount; (2) decide whether SLA and NYS DOS anchors need an active-license filter like DOHMH's; (3) add ZCTA polygons for a proper POI→ZIP join, replacing the current majority-vote hex→ZIP crosswalk. High priority: conditions the D41 reach calibration in the affected categories.

Pushed to Linear 2026-09-05 as GTM-108.",Backlog,2,5,"validation,critical",Loci,E4 · Validation and Artifact
Validator: network distance or circuity correction,"QUESTIONS.md M8. D29's GEOMETRY-artifact category (Google found the business AND loci's canonical layer already had it, just outside the validator's straight-line radius but inside the true 800m network-walk radius — median network distance for these hexes ~850m, IQR 830–930) exists because the validator compares Google results against a straight-line circle while the gap screen itself thresholds on NETWORK distance (analysis.hex_poi_distance). The two geographies disagree by construction, which is why every validation result needed a manual geometry/coverage split after the fact.

Two fixes to evaluate: (a) have the validator query analysis.hex_poi_distance directly instead of a straight-line radius, so the comparison uses the same geography as the screen; or (b) keep the straight-line radius but apply a circuity correction (NYC's street network runs ~1.25–1.3x straight-line distance, so an 800m network threshold corresponds to roughly a 620–640m straight-line radius). Either removes the need to hand-split future validation runs. Low priority: the current manual split (D29) already works, this just automates it.",Backlog,4,2,"validation,score",Loci,E4 · Validation and Artifact
PMTiles export + MapLibre map,"H3 choropleth, static hosting, no server. Layer toggle between DNCI (sequential) and residual (DIVERGING — zero is a real midpoint, not an arbitrary one).

Load the `dataviz` skill before writing chart code.

CANCELED 2026-09-05 (CHECKPOINT D38, Linear GTM-51): hex geography retired; PMTiles tiles the H3 grid by construction — no address-level equivalent.",Backlog,2,5,viz,Loci,E4 · Validation and Artifact
Bivariate transit × residual map,"3×3 bivariate palette. This is the map that states the thesis in one image: where transit-rich and underserved overlap.

CANCELED 2026-09-05 (CHECKPOINT D38, Linear GTM-52): hex geography retired; maps the abandoned E3 hex residual against transit, and D37 separately found transit must NOT be used as an expected-supply covariate.",Backlog,2,3,viz,Loci,E4 · Validation and Artifact
Per-category radar small multiples for top gap clusters,"15-spoke radar per top address-level gap cluster (analysis.address_gaps clustering, D44). Answers 'what specifically is missing here — grocery, or salons?' Turns a score into an actionable observation.

Reframed 2026-09-05 per CHECKPOINT D38 (address-level geography). Linear GTM-53.",Backlog,3,3,viz,Loci,E4 · Validation and Artifact
Scatter: residual@t0 vs growth t0→t1,"Fitted line + CI, borough-colored. The visual statement of P2.

CANCELED 2026-09-05 (CHECKPOINT D38, Linear GTM-54): hex geography retired; visual statement of P2, the causal growth thesis already empirically REJECTED — no address-level equivalent.",Backlog,2,2,viz,Loci,E4 · Validation and Artifact
4–6 neighborhood evidence cards,"Narrative + inset map per selected address-level gap cluster (analysis.address_gaps clustering, D44). Does the mechanism look real on the ground? This is what converts a score into something a reader believes.

Reframed 2026-09-05 per CHECKPOINT D38 (address-level geography). Linear GTM-55.",Backlog,2,5,docs,Loci,E4 · Validation and Artifact
Methodology memo,"The document a skeptic attacks and you defend. What it now documents is the ADDRESS-level gap screen (analysis.address_gaps + analysis.address_demographics, D38) — the hex tables are frozen history and the memo should not read as though they are the product.

Must state plainly:
 • The unit and the rule: a per-category reach screen over residential addresses, reach values from reach_tiers.yaml and the ranking continuous (D41), scoped to Manhattan + Brooklyn (D48). Output is GRADED — every lead carries a grade, none is filtered out — so the memo must show the full ranked surface rather than a shortlist that hides the marginal cases.
 • The reach values come from revealed SPACING, i.e. historical supply, so a category the whole city under-supplies looks like it 'naturally' spaces wide. That is the screen's central circularity and it belongs in the memo, not in a footnote.
 • Coverage bias (§7.1): what the fixed-harness validation showed, which categories are still uninterpretable (clinic, D30/D50), and the ZBP overcount in license-anchored categories (D40) that biases those reach values tight.
 • The demand annotation is continuous, MOE-gated, and NON-FILTERING (D37/D49), with the X6 disclaimer in the reader's own words: it says the literature expects lower discretionary demand here, never that the gap is false.
 • The rejected causal thesis, kept and labelled: the residual design reduced but did not eliminate endogeneity (§7.2), no instrument was used, pre-trends broke, and the retail-gap-predicts-growth coefficient came out wrong-signed (§0/D1). It ships as an honest negative result, never as a claim the product rests on.

Claiming cleaner identification than exists is the fastest way to lose an investment reader.

Reframed 2026-09-09 (D38): the memo defends the address-level screen; the hex residual and growth regression are retained only as the stated negative result.",Backlog,2,5,docs,Loci,E4 · Validation and Artifact
Fresh-clone reproducibility test,"Acceptance criterion C: fresh clone → `make nyc` → outputs in <30 min on a laptop. Pinned deps, documented lineage.

Also assert loci/score/ contains no NYC-specific column names — the portability guarantee from CONTEXT.md §10.",Backlog,2,3,infra,Loci,E4 · Validation and Artifact
SHIP W4: public artifact,"Week-4 exit criterion, in its post-D38 form: the public ADDRESS webmap (the address gap layer served by webmap/, per D38/D44) + the methodology memo + the address-cluster evidence cards. It is NOT the retired H3 PMTiles choropleth — that deliverable was cancelled with the hex geography (GTM-51).

Scope is Manhattan + Brooklyn (D48), and the artifact must show a graded surface: every address lead carries its grade and its caveat text, and nothing is filtered out of the published view. A public map that quietly shows only the top slice is a filter the reader cannot see, which is exactly what D48 forbids.

Load the `dataviz` skill before writing chart code.

Reframed 2026-09-09 (D38): the shipped map is the address layer, not the hex choropleth; graded-not-filtered stated per D48.",Backlog,1,2,milestone,Loci,E4 · Validation and Artifact
DCWP license issue/expiry panel reconstruction,"Establishment-level openings/closings from DCWP license dates — a true establishment panel rather than the LODES jobs proxy.

Deferred from W3 because it is ~2 weeks of data engineering with real survivorship handling. Only NYS DOS is unusable for this; DCWP is genuinely dated.",Backlog,4,8,"panel,deferred",Loci,E5 · Deferred
Extract universal interface; run a second city,"`loci run --city chicago` on universal sources only (Overture, FSQ, LODES, ACS, OSM, GTFS), with a coverage warning where NYC-grade local data has no analogue.

The half-day spent in E0 keeping loci/score/ city-agnostic is what makes this possible rather than a rewrite.",Backlog,4,8,"infra,deferred",Loci,E5 · Deferred
Foot-traffic outcome,"SafeGraph/Placekey-class data, $200–400 of the ~$400 unspent headroom. Shifts the outcome from 'did people move here' to 'did people start going here'. Nice-to-have; not load-bearing.

Spend the headroom on enlarging the E4 validation sample FIRST — that has higher marginal value because it defends against the threat that can kill the project.",Backlog,4,5,"ingest,deferred,blocker",Loci,E5 · Deferred
Identification strategy: quasi-experimental variation,"Addresses threat §7.2 properly. Candidates: historic rezonings, or transit shocks such as the L-train shutdown, as sources of variation in retail supply plausibly exogenous to neighborhood trajectory.

Out of scope at 4 weeks. This is what a v2 would need to make a genuinely causal claim.",Backlog,4,8,"model,deferred",Loci,E5 · Deferred
Charter the premium-amenity axis (CONTEXT §11),"Owner add 2026-09-02: screen NYC for where a PREMIUM, destination amenity could open — padel courts and spa/wellness studios first.

Why this needs its own charter section and cannot reuse the daily-needs gap screen: the two goods behave oppositely.
 • Daily needs are convenience goods — consumed often, near-zero willingness to travel, so the geography is the 800 m walk and the screen is 'present in ≥80% of walkable peers, absent here.'
 • Premium amenities are DESTINATION goods — consumed occasionally, high ticket price, people will drive/transit 15–30 min for them (the owner's own premise). They are RARE by nature, so a prevalence-gap screen would flag almost everywhere and mean nothing.

So the method inverts to a classic trade-area / gravity site-selection model: a travel-time CATCHMENT with enough qualifying premium demand but little or no supply within that catchment, plus a feasible large-format site. Document it as CONTEXT §11 and CHECKPOINT D22. This is Axis 3, parallel to Axis 1 (Investability, invest.py) and Axis 2 (Rising, rising.py) — NOT a return to the rejected residual-growth thesis (D1).",Backlog,2,2,"docs,infra",Loci,E6 · Premium Amenities
Define the premium-amenity bundle + demand-target per category,"Padel and spa are the two named anchors; extend to the destination-amenity family that shares the travel-for-it behavior, each kept as its OWN category because catchment size, demand target and site needs differ: padel, spa / day-spa, med-spa, pilates / reformer, boutique fitness / boxing, climbing gym, bathhouse / sauna, golf & sports simulator.

Each category carries (a) its demand TARGET — not raw population: padel skews affluent + athletic + 25–44; med-spa skews affluent women 30–55; climbing skews younger + college-educated — and (b) a nominal catchment travel time and site footprint. These are judgment calls, stated explicitly and tunable, exactly like the daily-needs tier weights and the invest.py ECON minimums (D18). Emit the bundle as data (a PREMIUM dict mirroring ECON), not hard-coded in the scorer.",Backlog,2,3,score,Loci,E6 · Premium Amenities
Ingest premium-amenity supply + Google-validate (mandatory here),"These amenities are OUTSIDE the daily-needs 15, so they need their own supply layer. Sources: OSM (padel = leisure=pitch + sport=padel; spa = leisure=spa / shop=beauty+beauty=spa; climbing = sport=climbing; sauna = leisure=sauna), Foursquare leaves (Spa, Pilates Studio, Climbing Gym, Boxing Gym, Gym and Studio subtypes), Google Places for ground truth.

Why Google validation is load-bearing here, not optional as it is for daily needs: padel barely existed before 2022 and boutique studios open fast, so OSM/Foursquare snapshots undercount them SEVERELY and unevenly. A padel 'gap' is far more likely to be a data gap than a daily-needs gap is (threat: the §7.1 coverage bias, but worse). Validate every candidate site's catchment against Google + a manual web check before it ships. Reuse the budget-guarded validation client (src/loci/validation/).",Backlog,2,5,"ingest,validation",Loci,E6 · Premium Amenities
Travel-time catchment engine (drive + transit isochrones),"Replaces the 800 m walk ring with a per-amenity travel-time CATCHMENT — the load-bearing modeling choice for this axis, and the owner's core premise ('people will travel longer').

Build drive-time isochrones (car network) unioned with transit-time where the amenity is transit-oriented (a Manhattan spa is reached on foot/subway; an outer-borough padel box is reached by car with parking). Default 15 min, and because willingness-to-travel is ASSUMED not measured, sweep 10 / 15 / 20 / 30 min and report how the site ranking moves — the sensitivity IS the honesty here. Reuse the OSMnx graph machinery from E2; the drive network and isochrone reach are the new parts.

Emits a catchment membership table keyed candidate SITE × residential address (address_id) — the same unit as the daily-needs screen (D38), so catchment demand aggregates real rooftops instead of population smeared across a grid cell that a 15-minute isochrone clips arbitrarily. Supply joins the same way: reachable premium establishments per site, not per cell.

Reframed 2026-09-09 (D38): catchment membership is site × address, not site × hex.",Backlog,2,8,score,Loci,E6 · Premium Amenities
Premium demand pool per catchment,"Score each catchment's DEMAND — not raw homes (that is the daily-needs driver) but a premium demand pool: population weighted toward the top income deciles, the category's target age band, and college/education share (which D20 already computes and found correlated 0.72 with income). Per-category weighting from the demand TARGET defined in the bundle ticket.

Re-use analysis.address_demographics (income, renter — joined tract -> address directly, no apportionment, per D38) plus the ACS momentum module's age/education pulls (model/momentum.py); do NOT read hex_demographics, which the address pipeline no longer maintains. Sum over the address members of each catchment from the sibling catchment-membership table.

Carry the tract MOE through rather than treating point estimates as exact, and mark a catchment's pool indeterminate where the MOE will not support the ranking — the same discipline D49 imposed on the daily-needs demand annotation. A premium site list ordered by a difference smaller than its own margin is a ranking of noise.

Output: qualifying-demand headcount and $ per candidate catchment, comparable across amenities.

Reframed 2026-09-09 (D38/D49): demographics come from address_demographics, not hex_demographics, and the pool carries its MOE.",Backlog,2,5,model,Loci,E6 · Premium Amenities
Large-format feasibility gate,"The invest.py feasibility gate (D18) but re-tuned for destination formats. A padel court needs ~1,000+ m² and height (warehouse, parking deck, flex/industrial — often NOT a ground-floor retail bay); a day-spa needs mid-size retail or upper-floor; a climbing gym needs a tall shell. So the PLUTO test changes from 'any CommFAR>0 storefront' to lot size + floorplate + a zoning district that permits commercial recreation / personal-service, plus vacancy/industrial-conversion candidates.

Without this the screen recommends amenities onto lots where they physically or legally cannot go — the D3 zoning-artifact failure in a new costume. Gate each candidate site on a buildable/leasable large-format space before it can rank.",Backlog,3,5,"model,ingest",Loci,E6 · Premium Amenities
Premium opportunity score + ranked site list,"Combine: opportunity = qualifying demand pool in the catchment − existing supply reachable within that catchment, gated on a feasible large-format site, ranked per amenity.

Three threats to state plainly on the list, because a reader will raise them:
 • Supply undercount is worse for these new categories (padel especially) — every top site must survive Google + manual validation or it is presumed a data gap, not an opportunity.
 • Willingness-to-travel is assumed; the catchment radius is the biggest lever, so report the ranking under the 10/15/20/30-min sweep, not a single radius.
 • National-chain pipeline (Life Time, Equinox, Padel Haus, etc.) may already have a site under LOI — outside the data, flagged as manual diligence per top pick.

Produces the padel and spa shortlists the owner asked for.",Backlog,2,5,model,Loci,E6 · Premium Amenities
SHIP: 'Where could a padel court / spa go?' map layer,"Axis-3 deliverable, parallel to the invest/rising buy-list artifacts. A map layer (toggle per amenity) showing travel-time catchments shaded by UNMET premium demand, with feasible large-format sites pinned and each top site carrying its demand pool, nearest existing supply, and the validation result. Load the `dataviz` skill before writing chart code.",Backlog,2,3,"viz,milestone",Loci,E6 · Premium Amenities
"Charter the maturity + projection axis (CONTEXT §12), honestly vs §0/D1","Owner add 2026-09-02, two linked questions: (1) where is each neighborhood on its MATURITY curve today, and (2) where could growth get to by 2033 — how do we project it.

This is the forward extension of Axis 2 (Rising, D19/D20/D21), and it MUST be framed to not revive the project's central rejected result. Be explicit in CONTEXT §12:
 • DEAD and staying dead (§0/D1): 'the retail gap/residual at t0 predicts subsequent residential growth' — β was wrong-signed (+0.069), pre-trends broken. This axis never uses the retail residual as a growth predictor.
 • LEGITIMATE and different: locating a neighborhood on a development S-curve from its OWN observed multi-metric history (income, college, rent, permits, jobs), then EXTRAPOLATING that trajectory. The pre-trend finding — that these places are on a development cycle — is precisely what licenses extrapolation.
 • The honesty is in the caveats: extrapolation assumes the frontier keeps diffusing and no macro shock intervenes. D21 already caught ENY rents COOLING to +1.9%/yr — trajectories bend, so the output is scenario bands, never a point forecast, and it is credible only if it passes the backtest ticket.

Retail (Loci's core product) attaches at the END as the dependent read: given a projected 2033 demand surface, today's Axis-1/Axis-3 sites can be re-scored forward. Write CONTEXT §12 + CHECKPOINT D23.",Backlog,2,3,"docs,infra",Loci,E7 · Maturity and 2033 Projection
Assemble the multi-decade neighborhood trajectory panel,"momentum.py (D20) pulled only two points (2013 & 2023). Staging and projection need a real time series per NTA. Assemble: decennial 2000 + 2010, ACS 5-yr 2009/2013/2018/2023 (real HH income via B19025/B11001, college share B15003, tenure, age bands), LODES WAC 2002–2023 (already downloaded), Zillow ZORI/ZHVI 2000– (D21), DOB/HPD permit pipeline by year.

Deflate every dollar series to 2023 real (CPI ×1.308 for 2013→2023 per D20 — extend the factor to each vintage) or the trend is mostly inflation. Aggregate each vintage to 2020 NTA via that year's tract centroids (the momentum.py gazetteer method). Output: analysis.nta_trajectory, one row per NTA per year per metric. This is the raw material for BOTH the maturity classifier and the projection.",Backlog,2,8,"ingest,panel",Loci,E7 · Maturity and 2033 Projection
Neighborhood maturity-stage classifier,"Place each NTA on the development S-curve. THE methodological point: stage is defined by LEVEL and RATE and ACCELERATION (1st + 2nd derivative) of the panel metrics, not by level alone — that is what separates a maturity model from a static wealth map. A high-income but decelerating neighborhood is 'maturing'; high-income and still accelerating is 'rising'.

Stages: pre-frontier/dormant (low level, flat) → emerging (income accelerating, college still low, first permits — where ENY sits: +42% income but college only 9→14%, D21) → rising (income+college both climbing fast, rent + permit boom) → maturing (high level, growth decelerating — Williamsburg now) → mature/saturated (high, flat or declining — the 5 rich Manhattan NTAs in real decline, D20). Spatial adjacency to the already-risen frontier is a feature (gentrification diffuses to neighbors). Output: each NTA's stage + a 0–1 position along the curve.",Backlog,2,5,"model,score",Loci,E7 · Maturity and 2033 Projection
"Frontier-diffusion map: where the edge moved, where it goes next","Half of 'where could growth get to' is spatial. Trace the observed gentrification frontier 2000→2023 — Williamsburg → Bed-Stuy → Bushwick → Crown Heights → Ocean Hill → East New York (D20 already found this path) — as a datable wave, and identify the not-yet-risen neighborhoods ADJACENT to today's rising edge as the mechanistic next steps.

This is the most communicable form of the forecast and the one most tied to an actual mechanism (diffusion to neighbors), so it anchors the more model-driven projection. Report the frontier's measured pace (blocks/decade) — that pace is what sets the 2033 reach.",Backlog,2,5,"model,viz",Loci,E7 · Maturity and 2033 Projection
2033 trajectory projection with scenario bands,"Project each NTA's income / college / rent to 2033. Two complementary methods, reported together:
 • Per-metric LOGISTIC (saturating) extrapolation — logistic not linear, because a neighborhood cannot gentrify past 100% and linear extrapolation of a hot decade is the classic forecasting error.
 • Stage-transition (Markov) roll-forward — estimate P(stage→stage per decade) from the historical panel, then advance each NTA one step to 2033, giving a probabilistic stage.

Output is SCENARIO BANDS, never a point estimate: continued-diffusion / stall / reversal, motivated by the live evidence that trajectories bend (ENY rents cooled to +1.9%/yr post-2022, D21). Also produce the analogue read — for each emerging NTA, the already-matured NTA it most resembles at the same stage (ENY-2023 ≈ Bushwick-2011?) and that analogue's realized path as an interpretable forecast.",Backlog,2,8,model,Loci,E7 · Maturity and 2033 Projection
"Backtest the projection (fit 2000→2013, predict 2013→2023)","The load-bearing credibility check — the analogue to E3's pre-trend/placebo rigor, and the reason this axis is not astrology. Fit the classifier + projection on data through 2013 ONLY, project 2013→2023, and compare to what actually happened. If the model cannot retrodict the Bushwick/Crown Heights/ENY arc it demonstrably cannot forecast 2033, and the memo must say so.

Report out-of-sample error by stage (emerging neighborhoods are the hardest and the most important). This ticket gates whether the 2033 numbers ship as a forecast or only as a scenario illustration.",Backlog,1,5,"model,rigor",Loci,E7 · Maturity and 2033 Projection
Bridge to the product: forward-looking demand for Axes 1 & 3,"Close the loop WITHOUT reviving D1. Take the projected 2033 demand surface (population/income/education by scenario) and re-score the Axis-1 investability leads (from analysis.address_gaps, address-level per D38) and Axis-3 premium sites against it, so an address that is marginal on today's demand but sits in a neighborhood projected to mature by ~2030 becomes visible as a forward bet.

Guardrail, stated in code and memo: retail is the DEPENDENT variable of the projection (projected rooftops/income drive projected demand), never the predictor of growth. The moment a retail gap is used to predict neighborhood growth, this has become the rejected thesis again.

Reframed 2026-09-05 per CHECKPOINT D38 (address-level geography). Linear GTM-83.",Backlog,3,5,model,Loci,E7 · Maturity and 2033 Projection
SHIP: maturity + 2033 projection artifact,"Axis-4 deliverable. Per-neighborhood: its position on the S-curve, its 2033 scenario cone (continued/stall/reversal), and its nearest historical analogue; plus the frontier-diffusion map showing where the edge goes next. Every projected number carries its backtest error. Load the `dataviz` skill before writing chart code.",Backlog,2,3,"viz,milestone",Loci,E7 · Maturity and 2033 Projection
Charter the second-city feasibility screen,"Owner question 2026-09-02: 'are there other cities with data rich enough to do similar work?' Charter the answer before building it, because the naive answer ('big cities have open data') screens on the wrong thing.

What NYC actually gives Loci, decomposed:
 • The POI layer — Overture, Foursquare, OSM, and the OSMnx walk graph — is ALREADY global and free. It ports to any city at ~zero cost and is NOT the constraint.
 • The three crown jewels ARE the constraint, and they are what a second city must reproduce:
   1. An UNBIASED near-census business anchor to correct OSM's undercount in low-income/immigrant areas (DOHMH restaurant inspections — CONTEXT §7.1, 'the project's best asset'). Without it the gap finding is coverage bias in a costume — the P3 threat that can invalidate everything.
   2. Parcel- or grid-level land use (MapPLUTO) — the dasymetric backbone that puts population where housing actually is, plus the commercial-zoning-capacity control that keeps the top list off park edges.
   3. Fine-grained demographics + transit QUALITY (ACS + MTA ridership, not mere station presence).

So the screen scores candidate cities on those three axes (anchor / land-use / demographics+transit), not on 'has an open-data portal.' Write this as CONTEXT §13 and CHECKPOINT D24. This milestone is research + city SELECTION; the universal-interface engineering that actually runs `loci run --city X` is the existing E5 ticket.",Backlog,2,2,"docs,infra",Loci,E8 · Second-City Feasibility
Define the city-feasibility rubric as data (CITIES dict),"Emit the rubric as data — a CITIES dict mirroring how ECON (D18) and the E6 PREMIUM bundle externalize judgment — not hard-coded in prose. Each candidate city scored 0–3 on four axes, each axis naming the CONCRETE analog dataset (not 'they probably have zoning'):
 • anchor — an unbiased near-census business/establishment registry. 3 = all-industry geocoded register (Paris SIRENE, London Companies House); 2 = food+licenses near-census (NYC DOHMH, Chicago business licenses, UK FSA); 1 = licenses only; 0 = none, OSM is all you have.
 • land_use — parcel-level or gridded. 3 = published gridded population (NL CBS 100 m, Japan mesh, Nordic registers) which REMOVES the dasymetric step entirely; 2 = parcel cadastre + zoning (NYC PLUTO, UK OS, most US assessors); 1 = coarse zoning polygons; 0 = none.
 • demographics — 3 = finer than US tracts (UK output areas, INSEE IRIS, ABS SA1, register-based); 2 = US-tract-equivalent (ACS, StatCan DA); 1 = coarse only.
 • transit — 3 = GTFS + ridership/tap data (TfL Oyster, MTA); 2 = GTFS only; 1 = none.

The rubric is judgment stated explicitly and tunable, exactly like the tier weights. Score is min-gated, not summed: a city with a 0 anchor cannot be rescued by great transit, because the anchor is the load-bearing asset.",Backlog,2,3,score,Loci,E8 · Second-City Feasibility
Verify the universal layer actually runs outside NYC,"Per the CLAUDE.md habit 'verify before committing to a dependency': prove the universal core runs on a non-NYC bbox BEFORE designing the multi-city screen around the claim that it does. Pull a small Overture + OSM + OSMnx-walk-graph extract for one foreign bbox (a few km² of central London or Paris) and confirm: the Overture category map still resolves, the walk graph builds, and the H3 grid clips. Record which of the 15 daily-needs categories lose their anchor once DOHMH/SNAP/SLA/DCWP are gone — that gap IS the coverage warning the second city ships with (see the E5 second-city ticket). Cheap, and it de-risks the whole milestone.

DONE 2026-09-05 (CHECKPOINT D45, Linear GTM-89) — verified on a central London bbox with real Overture/Overpass/OSMnx calls. PASS: category mapping, dedup, walk graph (all ran unmodified). PASS-with-monkeypatch: Overture/Overpass adapters (BBOX/CACHE_PATH are module constants). NOT RUNNABLE: grid/build.py hard-requires nyc_nta2020.geojson + EPSG:2263. Anchor loss: 7 of 15 categories (restaurant, cafe_bakery, bar, hair_barber, nails_beauty, grocery, convenience) lose their near-census anchor outside NYC. Verdict: partially universal, fixes are constant-level not logic-level — see the follow-up ticket below.",Backlog,2,3,infra,Loci,E8 · Second-City Feasibility
Parameterize the universal layer by city (GTM-89 findings),"GTM-89's second-city dry run found the universal layer is universal in LOGIC but NYC-hardcoded in CONSTANTS. None of the findings are algorithmic blockers — they are places an NYC default was written as a module constant instead of a parameter.

Checklist (from GTM-89, CHECKPOINT D45, minus the items D38 made moot): sources/universal/overture_places.py BBOX/CACHE_PATH → constructor args; sources/universal/osm_overpass.py BBOX → constructor arg; sources/universal/foursquare_places.py same; the NYC region vocabulary (borough / nta_code) carried on addresses → generic region_label / subregion_code, so model/conveniences.py and model/address_gaps.py stop requiring NYC words; score/dedup.py source_rank() takes an injectable per-city anchor map; and the ADDRESS LAYER itself needs a per-city source — NYC gets its residential addresses from PLUTO, and a second city must name an equivalent register. That last item is now the real portability question, and it did not exist when this checklist was written.

Dropped from the checklist 2026-09-09: grid/build.py build_grid(con, boundary_path, proj_epsg, res) and its NYC EPSG:2263 / nta2020 defaults. D38 retired the H3 grid as the unit of analysis, so parameterizing the grid builder buys portability for nothing the project ships — it would only make a frozen table rebuildable elsewhere.

Reframed 2026-09-09 (D38): grid-builder items dropped; per-city address sourcing added as the actual gap. Still parked per D46 — a wording fix, not a scheduling change.

Parked 2026-09-05 — owner decision: NYC focus for the foreseeable future (CHECKPOINT D46). Do not schedule.

Pushed to Linear 2026-09-05 as GTM-104 (Low priority, not blocking).",Backlog,4,3,infra,Loci,E8 · Second-City Feasibility
Candidate-city data dossiers,"One dossier per shortlisted city, each naming the specific dataset behind every rubric axis so the score is auditable, not vibes. Shortlist and the anchor that earns it:
 • Paris / France — SIRENE, the national register of EVERY establishment, geocoded with NAF industry codes; INSEE census at IRIS level; open cadastre. Arguably a BETTER anchor than NYC (all industries, not just food).
 • London / UK — FSA food-hygiene ratings (food near-census) + Companies House (all companies); ONS 2021 census at output-area level (finer than US tracts); TfL + Oyster ridership; OS AddressBase / Land Registry.
 • Amsterdam / Netherlands — KvK business register + BAG building/address cadastre; and CBS publishes gridded population at 100 m. Note the 2026-09-09 correction: this used to be scored as removing Loci's most error-prone step, but D38 already retired the tract→hex dasymetric interpolation in NYC — demographics now join tract → address directly, with no apportionment and the tract MOE carried as-is. Gridded population is therefore a convenience for a city with no address file, not the upgrade over the NYC pipeline this dossier originally claimed; where an address or building register exists (BAG here, AddressBase in the UK), that is the better match to how Loci actually works.
 • Tokyo / Japan — Economic Census of establishments by industry (near-census) + e-Stat census on 250/500 m mesh (gridded). Weakness: OSM/Overture POI coverage is thinner.
 • Chicago (and SF / LA / Seattle-King County / Boston / DC) — nearly free US ports: ACS, LODES, SNAP, FDIC come with the country. Chicago's all-industry business-LICENSE file is a stronger anchor than DOHMH's food-only census.
 • Toronto / Vancouver, Sydney / Melbourne, Singapore, Stockholm / Copenhagen / Helsinki / Berlin — register-based or fine-census societies; note footprint (Singapore is one small city-state) and anchor specifics.

The one-line finding to preserve: the gating asset is the unbiased anchor, and on that axis France (SIRENE), the Netherlands (KvK+CBS grid), the UK (FSA+Companies House) and Chicago (business licenses) are at least as good as NYC — several ALSO hand you gridded population, which the US does not — though see the correction above on how much that is now worth.

Reframed 2026-09-09 (D38): the tract→hex dasymetric step this dossier scored cities against no longer exists; rescored on address/building registers instead. E8 remains parked at Low per D46 — this is a wording fix, not a scheduling change.",Backlog,3,5,"docs,ingest",Loci,E8 · Second-City Feasibility
Generic near-census anchor adapter interface,"Generalize the NYC anchor concept (DOHMH/SNAP/SLA as near-census calibration sources, CONTEXT §7.1) into a pluggable adapter contract, so a second city's SIRENE / FSA / Companies House / municipal business-license file lands in the SAME staging.poi contract carrying the `anchor` flag the coverage-bias calibration already consumes. This is the piece that makes the whole coverage-bias mitigation portable rather than NYC-only — without it, a second city has the biased OSM/Overture layer but nothing unbiased to calibrate it against, and the P3 threat is un-mitigable there. Interface only in this milestone; the concrete per-city adapters are follow-on ingest tickets once a pilot city is chosen.",Backlog,3,5,ingest,Loci,E8 · Second-City Feasibility
Gridded-population adapter (skip dasymetric where a grid exists),"For the cities that publish population on a native fine grid — NL CBS 100 m, Japan e-Stat mesh, Nordic and German (Zensus) grids — consume the grid directly into hex_demographics instead of running the tract→hex dasymetric interpolation (E1's most error-prone step, the one carrying ACS MOEs and the parks/rail-yards smearing risk). This is a genuine QUALITY UPGRADE over the NYC pipeline, not just a port: gridded input removes the largest single source of interpolation error. Build as an alternative demographics path selected by the CITIES rubric's land_use=3 flag.

CANCELED 2026-09-09 (CHECKPOINT D38/D46, Linear GTM-91): the ticket's entire value was skipping the tract→hex dasymetric interpolation, and that step no longer exists — D38 made the residential ADDRESS the unit, so demographics join tract → address directly with no apportionment and the tract MOE carried as-is. There is no interpolation left for a gridded input to remove, and a population grid is the wrong shape for the address unit anyway: it would re-introduce apportionment (grid cell → addresses) to replace a step that was already eliminated. What a second city actually needs is an address or building register (BAG, AddressBase), which is a different ticket and belongs to the parked E8 checklist (GTM-104). Compounding it, D46 parks second-city work at Low indefinitely. No address-level equivalent worth keeping open.",Backlog,3,3,"grid,ingest",Loci,E8 · Second-City Feasibility
Pick the first pilot city + coverage-warning report,"Recommend ONE city to run first, with the trade stated: Chicago is the cheapest port (US federal data free, all-industry license anchor) and the fastest way to prove city-agnosticism; London or Paris is the strongest demonstration that the method travels internationally and that the anchor can be even better than NYC's. Whichever is chosen, produce the coverage-warning report the E5 second-city ticket requires: per daily-needs category, does this city have an unbiased anchor, or does that category run on OSM/Overture alone (and therefore inherit the §7.1 undercount)? The report is the honesty artifact — it says exactly where the second-city gap screen is trustworthy and where it is not.",Backlog,2,3,infra,Loci,E8 · Second-City Feasibility
SHIP: second-city feasibility scorecard,"Milestone deliverable: a ranked scorecard of candidate cities across the four rubric axes (anchor / land-use / demographics / transit), each cell naming the concrete dataset and its 0–3 score, min-gated so the anchor dominates. Headline the recommended pilot and the reasoning. This is a decision artifact for the owner, not a public memo — it answers 'where do we take Loci next, and what will it cost to get the data there.' Load the `dataviz` skill before writing chart code.",Backlog,2,3,"viz,model,milestone",Loci,E8 · Second-City Feasibility
Catalyst-anchored pre-ignition screen (loci ignition),"Since ignition is not in a neighborhood's own trajectory (D25) and a naive PLUTO headroom score just surfaces low-density suburbs (D26), screen for PRE-IGNITION on the exogenous project pipeline instead: a curated CATALYST layer (committed transit / rezonings / megaprojects) × low-mid maturity × a light urban-density floor.

Two design lessons baked in: requiring a real catalyst IS the suburb-filter (so the density floor stays LOW or it wrongly drops low-rise-but-catalyzed frontiers like East New York); and the screen's no-catalyst reject list is honest QA for catalysts the layer is missing.

DONE 2026-09-02 — src/loci/model/ignition.py + `loci ignition`. 44 candidates; East Harlem N (SAS Ph2 + rezoning) is the flagship, converging with the independent trajectory work. See CHECKPOINT D26 / QUESTIONS O5.",Backlog,2,5,"model,score",Loci,E9 · Ignition (Axis 4b)
DOB new-building corroboration layer,"Is development ACTUALLY happening at a candidate, or is the catalyst just paper? Pull DOB new-building filings, geocode to NTA × year, and attach a recent-activity column to the screen.

DONE 2026-09-02 — 198,514 NB filings (classic ic3t-wcy2) geocoded to NTA×year 2000–2023 (scratchpad/nb_by_nta_year.json); `loci ignition` now shows NB18-23 per candidate. It separates real building (East New York 253, Crown Heights 215, Ocean Hill 151, East Harlem 118) from stalled (Two Bridges 14). KNOWN GAP: ic3t-wcy2 undercounts post-2016 (DOB NOW migration) — see the DOB-NOW union ticket.",Backlog,3,3,ingest,Loci,E9 · Ignition (Axis 4b)
Catalyst→change lag study (the two-clock finding),"Owner question: how long between a catalyst and completion / human-behavior change? Event study of dated past catalysts against DOB permits and the maturity panel (`loci ignition --lag`).

DONE 2026-09-02 — TWO CLOCKS: catalyst→construction ~5–9 yr (permit surge, peak ~6–11 yr, clean on the 2003–09 catalysts); catalyst→demographic tip 10–20 yr, sustained, and ONLY if market-rate — East New York (affordable-dominated, 2016) built the most yet gentrified BELOW the citywide drift (densified without tipping, confirming D21). Product read: construction/land play is this cycle; appreciation play is 2030s–40s and conditional on catalyst type. CHECKPOINT D27, report ignition_lag_findings.md.",Backlog,2,3,model,Loci,E9 · Ignition (Axis 4b)
Union DOB NOW to fix the post-2016 permit undercount,"The classic DOB dataset (ic3t-wcy2) was superseded by DOB NOW (`w9ak-ipjd`) around 2016, so recent new-building filings are undercounted — which is exactly the window the forward catalysts live in, making the recent construction-lag numbers unreliable. Union DOB NOW with the classic set (dedup on job/BIN), re-geocode to NTA × year, and re-run the corroboration + lag. This is what lets the recent catalysts (East Harlem, Atlantic Ave) get a trustworthy construction-response read.",Backlog,3,3,ingest,Loci,E9 · Ignition (Axis 4b)
Diff-in-diff: catalyst effect vs matched controls,"The lag study is a descriptive event study — and catalysts cluster in already-rising areas, which is the SAME endogeneity that sank the §0 causal thesis. Move from timing toward causation: match each catalyzed NTA to controls on pre-catalyst maturity, trajectory, transit and borough, and estimate a difference-in-differences on maturity and on new-building activity around the catalyst year.

Mandatory honesty per the project's standard: report the pre-trend (do treated and control move in parallel BEFORE the catalyst?), and state plainly if parallel trends fails — a catalyst that lands where growth was already coming is not a proven cause. Do NOT let the retail residual enter (D1).",Backlog,2,5,"model,rigor",Loci,E9 · Ignition (Axis 4b)
Expand the catalyst layer from DCP ZAP / MTA capital / EDC,"The catalyst layer is hand-curated (28 projects) and demonstrably incomplete — the screen's own no-catalyst reject list surfaces real urban candidates whose catalysts are missing (Chinatown-Two Bridges was added after it appeared; Harlem-125th, Washington Heights still open). Systematize it: pull adopted + pending rezonings from DCP ZAP, funded/planned transit from the MTA capital program, and megaprojects from EDC/ESD, each with a date and status. Promote the CATALYSTS list to package data (a registry-style file), not an in-module literal.

The reject list is the acceptance test: after the pull, the high-headroom urban no-catalyst set should shrink to genuinely un-catalyzed places.",Backlog,3,5,ingest,Loci,E9 · Ignition (Axis 4b)
Validate adjacency-diffusion as a distinct ignition channel,"Catalysts are one exogenous channel; spatial diffusion from the already-risen frontier (Williamsburg → Bed-Stuy → Bushwick → Crown Heights → Ocean Hill → East New York, O5) is another. Test whether adjacency to a high-maturity NTA predicts a subsequent maturity rise AFTER controlling for having a catalyst — i.e. does 'next to the frontier' add signal beyond 'has a rezoning'? If yes, add an adjacency term to the ignition score; if the two are collinear (catalysts land next to the frontier), say so.",Backlog,3,3,model,Loci,E9 · Ignition (Axis 4b)
Productionize the ignition layer (package data + DB),"ignition.py currently reads the maturity panel and the NB layer from hard-coded scratchpad paths and keeps the catalyst list as an in-module literal — fine for the spike, not for reproducibility (acceptance criterion C). Persist analysis.nta_trajectory and analysis.nb_by_nta_year into the DuckDB, move CATALYSTS to package data, drop the scratchpad paths, and add a unit test on the screen (a catalyst-less suburb must NOT appear; a low-rise catalyzed frontier MUST). Wire into `make check`.",Backlog,3,3,infra,Loci,E9 · Ignition (Axis 4b)
Relabel the Arrival Curve artifact as ranking / scenario,"The 2033 backtest (O4/D25) showed the projection fails as a point forecast — it ships as ranking + scenario only. The published Arrival Curve still frames the 2033 arrows as a forecast. Update the artifact copy (arrows = trajectory ranking / scenario, not a prediction) and add a one-line note that ignition timing is exogenous and lagged (the two-clock finding), so the visual matches what the backtest actually licenses.",Backlog,3,2,"viz,docs",Loci,E9 · Ignition (Axis 4b)
Category-expansion mechanics: the fail-closed checklist for a 16th slug,"URGENT because it is the check that decides whether every other E10 ticket is valid, and because the codebase already fails closed in four places — a slug added to `categories.py` without its five yaml rows breaks the suite on the next test run. Write the checklist ONCE, here, instead of rediscovering it six times.

The surfaces a new category must land on, all verified present in the code: `categories.py` CATEGORIES + a TIER assignment; `categories.yaml` (naics_2022, naics_2017, label, per-source vocab — D42); `reach_tiers.yaml` (reach_m + basis + justification + citations — D41; `reach.load_reach` raises on a missing category); `conveniences.yaml` (owner_m/owner_min, the fallback reach_tiers reads); `demand.yaml`/`spend.yaml` (the class is DERIVED from a CEX income_elasticity at the 0.35 cut — D49; `demand.load_demand` and `tests/test_demand_caveat.py` (b2) both fail on a category with no elasticity, so THERE IS NO WAY to add a category without sourcing a real CEX line); `zbp_naics.yaml` (NAICS 2017 + confidence; `zbp.py` raises on a missing category); `benchmarks.yaml`; the adapter vocab maps (osm_overpass, overture_places, foursquare_places) and the D52(a) supply-set anchor list; the Google validation type map (`tests/test_google_types_drift.py`); the webmap legend and `viz/webmap_export.py`; and CONTEXT.md §2.1's human table, which is the docs-drift half of the CLAUDE.md 'machine-check the docs against the code' habit.

THREE CONSEQUENCES TO PRICE BEFORE ANY ADD LANDS, because they move numbers that are already published:
 • `TIER_WEIGHTS` (0.40/0.20/0.25/0.15) is a partition over 15 slugs. Six more slugs re-weight every DNCI value ever computed. Decide whether DNCI is re-stated or whether the expansion is scoped to the address screen only.
 • `address_gaps.MIN_PRESENT` is the literal 12 of '≥12 of 15'. With 21 categories it is either 12/21 (much looser) or re-derived. D51 already found the gate does no work inside MN+BK (100% MN, 95% BK eligible), so re-derive it and say so rather than leaving a magic constant.
 • `gap_score = max ratio` (D41) is monotone in the number of categories: adding six can only raise each address's score and can move `lead`, for reasons unrelated to new evidence at that address. Report the before/after distribution per category, description-style, never as a top-N list (D52 rule).

Deliverable: a `loci check-categories` subcommand (a CLI subcommand, not a loose script — CLAUDE.md) that asserts every slug in CATEGORIES appears in all seven yamls, every naics_2022 code exists in naics_2022.csv, every naics_2017 code appears in the live CBP vocabulary, and that CONTEXT §2.1's table matches categories.yaml. It should fail today if any of that is untrue.

Pushed to Linear 2026-09-09 as GTM-112 (Urgent priority).",Backlog,1,3,"infra,score,rigor",Loci,E10 · Category Expansion
Add `dentist` — NPPES anchor (NYS Office of the Professions is NOT usable),"NAICS 2022 621210 Offices of Dentists (unchanged from 2017). Highest prevalence of any candidate: 190 establishments across ten MN+BK ZIPs (CBP 2023) — above coin laundry, above liquor, second only to grocery/bar/pharmacy among everything measured.

VERIFICATION THAT CHANGES THE PLAN: the assumed anchor, the NYS Office of the Professions, DOES NOT WORK. op.nysed.gov publishes no bulk licensee file — only an online verification search over ~1.5M licensees — and its record is person-level with city and state but NO practice street address. Anchoring on it is impossible, and that finding kills the same assumption for eye care and vets.

Use NPPES instead (CMS National Plan and Provider Enumeration System): free, bulk-downloadable (download.cms.gov/nppes/NPI_Files.html, verified 200) with a keyless API (npiregistry.cms.hhs.gov/api/?version=2.1) that returns practice-LOCATION street addresses filterable by taxonomy and ZIP — probed live against a NYC ZIP and it returned dentist offices with address_purpose LOCATION. Filter to the 122300000X dentist taxonomy family. Register it in registry.yaml as a universal-tier anchor (it is national, so it also improves the E8 second-city story).

MEASURE COVERAGE BEFORE TRUSTING IT: NPPES is a PROVIDER registry, not an establishment registry — several dentists share one address, so counts must be collapsed by address first, the same failure mode D52(b) fixed for the 996 booth-renter nails licences at a shared coordinate. Only after that collapse is the NPPES/ZBP ratio meaningful, and only if it clears 0.7 does the D52(a) supply-set rule let lone-aggregator records be excluded.

reach: no walk standard exists — the dental-access literature is HPSA population-to-provider RATIOS, the same shape D41 already rejected for childcare. `basis: none`, owner norm; proposed 1,200 m, since a dental visit is a booked, infrequent trip people travel further for.
demand: CEX 'Dental services' is a clean 1:1 Table 1101 line; expect necessity. Set `reliable: false` on the spend row for the pharmacy reason (T5): revenue is substantially third-party-payer, so a household-budget spend model is wrong in SHAPE, not merely noisy.
zbp: dentist → 621210, confidence high.

Pushed to Linear 2026-09-09 as GTM-113.",Backlog,2,5,ingest,Loci,E10 · Category Expansion
Add `specialty_food` (butcher / fish / produce / non-cafe bakery),"NAICS 2022 445240 Meat Retailers, 445250 Fish and Seafood Retailers, 445230 Fruit and Vegetable Retailers, 445291 Baked Goods Retailers (2017: 445210, 445220, 445230, 445291 — read out of the real concordance file). 119 establishments across ten MN+BK ZIPs (CBP 2023), split meat 39 / produce 30 / fish 29 / baked 21.

Anchor: NYS Department of Agriculture and Markets **Retail Food Stores**, data.ny.gov `9a8c-vfzj` — verified live: 11,472 NYC rows (KINGS 4,254, QUEENS 2,542, BRONX 2,235, NEW YORK 1,921, RICHMOND 520), point geometry, plus a `square_footage` column that is directly useful to the O7/O8 fair-price work. It licences EVERY retail food store in the state, so it is a near-census candidate for all four sub-formats and a second opinion on `grocery` and `convenience` besides.

FIRST TASK, AND THE WHOLE RISK: decode `estab_type`. The values are letter combinations (Kings: AC 3,364, A 624, ABC 81, ABCH 52, ACH 33 …) whose legend is a PDF at data.ny.gov/api/views/9a8c-vfzj/files/UBDP3oW2f-K767I4f51EJaIUO8eNGPrAQQj8tSvBhbo (HTTP 200, NOT yet parsed). If those codes separate a butcher from a bodega, RFS is a real anchor. If they do not, the fallback is `dba_name` keyword classification, which is materially weaker and must be reported as such — do not let a keyword match be described as an anchor.

BOUNDARY COLLISION, NOT A COVERAGE PROBLEM: `shop=greengrocer` and Overture `farmers_market` currently count as `grocery`, and `shop=bakery` / Overture `bakery` count as `cafe_bakery`. Adding this category therefore REMOVES supply from two existing categories and will move their gap counts for no new evidence. Sequence it before any run that quotes grocery or cafe_bakery numbers, and report before/after per category as a description, never a top-N list (D52). The seated-cafe vs takeaway-bakery split has no clean signal in any feed — state that rather than implying the split is measured.

reach: `basis: analog` — grocery's cited 800 m (USDA FARA 0.5 mi / NYC FRESH / Portland's 20-minute neighborhood). Honest caveat in the justification: no source names specialty food, and a butcher is plausibly a longer trip than a supermarket.
demand: CEX food-at-home sub-lines exist for all four (meats/poultry/fish/eggs; fresh fruits and vegetables; bakery products), with NY MSA figures in Table 3004. Expect ~0.35, i.e. right ON the D49 cut — this row is the most likely of the six to flip class, so choose the sub-line deliberately and record which one and why.
zbp: specialty_food → 445210 + 445220 + 445230 + 445291, all confidence high.

Pushed to Linear 2026-09-09 as GTM-114.",Backlog,2,5,ingest,Loci,E10 · Category Expansion
Add `eye_care` (optometrists + optical goods),"NAICS 2022 621320 Offices of Optometrists + 456130 Optical Goods Retailers (2017: 621320 + 446130 — the 446→456 recode is the same health-and-personal-care renumbering that moved pharmacy in D42). 94 establishments across ten MN+BK ZIPs (optical goods 49, optometrists 45).

HALF-ANCHORED, and the ticket should say so on the artifact: NPPES covers the clinical half (taxonomy 152W00000X, optometrists) with practice-location addresses; the RETAIL half has no anchor at all — eyewear shops are unlicensed retail and DCWP does not license them (verified against the 46 active DCWP business_category values in w7w3-xahh, which contain no optician, pharmacy, laundry or pet category). Under D52(a) the category keeps all canonical records until that changes.

reach: no walk literature; `basis: none`, owner norm. Proposed 1,200 m, same argument as dentist — a booked, infrequent visit.
demand: CEX has both 'Eyecare services' and 'Eyeglasses and contact lenses' lines; expect NECESSITY. Pick one line or sum them, and record the choice in cex_mapping.
zbp: eye_care → 621320 (high) + 446130 (medium).
risk: one slug, two business formats (a doctor's office and a shop), and the chains — LensCrafters, Warby Parker — file under only one of the two codes, so the POI/ZBP ratio will be noisy in a direction that depends on chain mix rather than on coverage.

Pushed to Linear 2026-09-09 as GTM-115.",Backlog,3,3,ingest,Loci,E10 · Category Expansion
Add `dollar_variety` (dollar and variety stores),"NAICS 2022 455219 All Other General Merchandise Retailers (2017: 452319). 97 establishments across ten MN+BK ZIPs — real prevalence, comparable to drycleaning.

NO ANCHOR. DCWP does not license general merchandise (verified). The only partial coverage is that dollar stores selling packaged food appear in the NYS Retail Food Stores roster (9a8c-vfzj), which is biased to the food-selling subset — usable as a corroboration source, not as an anchor. Under D52(a) this category therefore keeps every canonical record including lone-aggregator ones, which is exactly the population D40/D47 identified as the overcount, so it will look better-supplied than it is. Publish its POI/ZBP ratio with the first run.

reach: `basis: none`, owner norm. Proposed 960 m — the stock-up errand tier the owner gave `hardware`, not a daily-needs tier.
demand: no single CEX line; the honest mapping is a blend of 'Housekeeping supplies' and 'Miscellaneous household products', so mark `reliable: false` the way `convenience` already is rather than dressing a blend as a citation. Expect ~0.2 → necessity.
zbp: dollar_variety → 452319, confidence MEDIUM — 452319 also holds non-dollar general merchandise, so the code is broader than the category.
risk worth an explicit owner decision: the count is dominated by chains (Dollar Tree, Family Dollar), and a chain's siting decision is a much weaker neighbourhood signal than an independent's. 'No dollar store here' does not read as an opportunity the way 'no pharmacy here' does — consider whether this belongs in the DNCI bundle at all or ships as a context layer.

Pushed to Linear 2026-09-09 as GTM-116.",Backlog,3,3,ingest,Loci,E10 · Category Expansion
"Add `vet_pet` (veterinary + pet supply) — last, and with a coverage warning","NAICS 2022 541940 Veterinary Services + 459910 Pet and Pet Supplies Retailers (2017: 541940 + 453910). 51 establishments across ten MN+BK ZIPs (vet 34, pet supply 17) — the thinnest of the six adds.

NO ANCHOR EXISTS, and three candidate anchors were checked and eliminated: the NYS Office of the Professions licenses veterinarians but publishes no bulk file and no practice address; NPPES does not help because veterinarians are not NPI-eligible (they are not HIPAA-covered providers); and data.ny.gov has no pet-dealer or veterinary licensing dataset (catalog searches for 'pet' and 'veterinary' return nothing relevant). That leaves Overture + Foursquare + OSM only. D52(a)'s rule for an unanchored category is 'all canonical records stay, and loading the anchor is the fix' — here there is no anchor to load, so the fix is unavailable and the coverage caveat is permanent until one appears.

Order it LAST for that reason: no anchor + lowest prevalence is the combination most likely to manufacture gap flags that are really feed thinness, which is the D40/D47 failure mode this project already knows it has.

reach: `basis: none`, owner norm; proposed 1,200 m for the combined slug.
demand: CEX has a real 'Pets' line (Table 1101); expect ~0.45 → DISCRETIONARY, so its gaps carry the demand caveat.
zbp: vet_pet → 541940 (high) + 453910 (high).
risk, and the reason to consider splitting: the slug fuses two different behaviours under one reach value — a booked medical appointment people will travel for, and a heavy carry-home supply run they will not. If the owner will accept a seventeenth slug, splitting is more defensible than a compromise distance that is wrong for both.

Pushed to Linear 2026-09-09 as GTM-117.",Backlog,4,3,"ingest,rigor",Loci,E10 · Category Expansion
Fix the coverage validator's local counts and .env loading,"`_local_counts` read UN-deduplicated staging.poi and looked up only 'overture_places' plus a never-ingested 'osm_overpass', so foursquare_os_places — the dominant source for hardware, fitness and clinic — was silently dropped from every local count. That biases the validator in its one dangerous direction: loci's own supply is understated, so the comparison drifts toward 'Google can see businesses loci cannot', which is precisely the conclusion the harness exists to TEST rather than assume.

Fix: new column `n_local_canonical` (canonical, deduplicated, all sources) on analysis.coverage_validation, plus `loci validate --recount-local` to backfill existing rows without spending a single Google call — the ledger was the binding constraint, so a re-run was not an option. Also fixed: the CLI now loads loci/.env via python-dotenv (override=False); GOOGLE_PLACES_KEY set in .env had been invisible and `--run` failed outright.

Done 2026-09-03 (CHECKPOINT D32, commit 877d162); retroactive ticket 2026-09-09. Pushed to Linear 2026-09-09 as GTM-118.",Done,2,2,"validation,ingest,infra",Loci,E4 · Validation and Artifact
Ship the reach rule and its monotonicity test; reject the p80 calibration,"Implements the D33 redefinition: `rule=""reach""` in model/gaps.py (`_compute_gaps_reach`, shared `_eligible_universe` gate), `reach.py` + `reach.yaml` (per-category reach = p80 of hex-to-nearest-c network distance over populated hexes), `loci gaps --rule reach` writing analysis.hex_gaps_reach (the window rule and analysis.hex_gaps left untouched as history), `loci reach-table`, and tests/test_gaps_monotonicity.py. Verified: `loci reach-table` reproduces reach.yaml exactly; the reach rule gives 1,707 gap hexes / 6,189 hex-category pairs vs 726 hexes under the window rule; scaling every reach by 0.8 yields a strict SUPERSET (2,251 hexes / 10,783 pairs) — monotonicity holds on production data, not only in the unit test.

The calibration is rejected, and that is the point of the ticket: p80 of the hex-to-nearest distribution makes ~20% of eligible hexes a gap for EVERY category by construction, so per-category counts are flat (childcare 460, tailor 446, grocery 433, restaurant 427, hardware 368, bank 367) and the rule cannot say which business NYC is short of. 56% of eligible hexes are gaps; only 468 (15%) miss exactly one category while 888 miss three or more. The exactly-one list is a quantile artifact — stable in SIZE across p70/p80/p90 (463/468/471) but not in membership (p80∩p70 = 152/468, p80∩p90 = 95/468). `lead = min(missing, key=reach)` is a fixed global priority list: restaurant (275 m) leads 427 hexes whose nearest restaurant is a median 352 m away. And the flag is largely a coverage flag: corr(n_missing, log POI count within 800 m) = −0.67.

What is kept: the reach ARCHITECTURE (a fixed per-category distance, no global window, monotone) and the monotonicity acceptance test. What is dropped: the p80 quantile as the calibration statistic and the min-reach lead rule. Also fixed: build_gaps' return annotation (was `-> int`, returns a tuple).

Done 2026-09-05 (CHECKPOINT D34); retroactive ticket 2026-09-09. Pushed to Linear 2026-09-09 as GTM-119.",Done,1,8,"score,rigor",Loci,E2 · Access Engine
"Compare reach calibrations: same-type spacing, p80, and external walk-time tiers","The D34 rejection left the calibration statistic open. All candidates were run through the unchanged `compute_gaps(rule=""reach"")` over the 3,041 eligible hexes so that only the reach table varied.

Results: (a) same-type store-to-store spacing is dead on arrival — NYC same-type nearest-neighbour spacing is 0–218 m at the median (restaurant 0, nails 0, grocery 22, hardware 218) because a trade's stores share a block; it measures CLUSTERING, not a service radius, and yields 3,041/3,041 gap hexes with a single exactly-one hex. (b) p80 on all populated hexes and (c) p80 refit on the gated universe are the tautology: per-category gap-count CV 0.063 and 0.003, every category 605–612, exactly 20% under c. (d) External tiers by trip frequency — 400 m grocery/convenience/pharmacy/cafe_bakery/restaurant/childcare, 800 m laundry/bar/fitness/hair_barber/nails_beauty, 1,200 m bank/clinic/hardware/tailor_repair — is the only candidate whose per-category counts carry information (CV 1.07, range 0–771), the most stable under a ±10% perturbation (Jaccard 0.54), and has the least marginal leads (median excess 125 m). Totals for (d): 1,689 gap hexes, 730 exactly-one.

Lead rule: min-reach must go (it ties on 42% of hexes under any tiered reach and is then decided by dict order); max-ratio (nearest_m / reach_m) beats max-excess, because raw metres reward whichever category has the widest reach. Monotonicity holds for every candidate (reach×0.8 removes 0 pairs) — it is the rule's property, not the calibration's, and therefore proves nothing about the calibration.

What no calibration fixes, and what the artifact must say: corr(n_missing, log POI count within 800 m) stays −0.62 to −0.70 for all of them, so 'missing' is still largely 'low retail density'. The tier ASSIGNMENT is now the load-bearing choice — moving pharmacy 400→800 drops it 763→21 gaps and childcare 771→60, and reassigning two tiers overlaps the exactly-one list only 347/988 — so the tiers must be pinned to a citable external source or explicitly to owner norms.

Done 2026-09-05 (CHECKPOINT D35); retroactive ticket 2026-09-09. Pushed to Linear 2026-09-09 as GTM-120.",Done,2,5,"score,rigor",Loci,E2 · Access Engine
Diagnose 0 m same-type spacing: graph snapping vs DOHMH turnover,"The D35 spacing run found restaurant and nails_beauty at a MEDIAN 0 m same-type network distance. If that were real duplication it would bias every nearest-distance in the gap screen low, so it had to be resolved before any spacing-based calibration could be trusted.

Straight-line check: 74.5% of restaurants share a walk-graph node with another restaurant, but WITHIN those '0 m network' pairs the straight-line distance is a median 16.4 m (p90 47 m, max 134 m) — so ~86% of the 0 m result is the walk graph being coarser than storefront spacing, not the data. The residual true-zero share (13–14% of restaurant, nails_beauty and clinic canonical POIs at an identical coordinate) traces to `sources/cities/nyc/dohmh.py`: it dedupes by CAMIS but never filters closed establishments out of DOHMH's 3-year rolling inspection window, so a closed tenant and its successor at one address both survive as canonical points. Cross-source legal-vs-trade name confusion is NOT the driver — only 0.09% of ≤15 m restaurant pairs share a normalized name.

Impact on the gap screen is minimal (duplicates share a coordinate and a category, so nearest-distance is unchanged); the real exposure is inflated raw counts feeding the DNCI saturating term in well-served food and beauty hexes. Actions: filter the DOHMH adapter to currently-active establishments before dedup, reconcile the score/dedup.py docstring (says 25 m) against MATCH_METERS = 40.0, and treat network-0 m spacing as uninformative for calibration. No change to the name-matching dedup logic.

Done 2026-09-05 (CHECKPOINT D36); retroactive ticket 2026-09-09. Pushed to Linear 2026-09-09 as GTM-121.",Done,3,3,"ingest,infra",Loci,E1 · Ingest and Grid
Address-level reach screen: fixed eligibility gate and a continuous ranking,"The port of the reach rule to the address geography, run over 767,337 residential addresses / 3,735,269 units with per-address nearest distance for all 15 categories from the conveniences Dijkstra engine (158 s).

The finding that decides the design: the LITERAL port — eligible iff within reach of ≥12/15 categories, gap iff nearest beyond reach — VIOLATES monotonicity for every candidate calibration, because reach×0.8 removes 209k–232k gap pairs as addresses fall out of eligibility faster than they gain gaps. That is the D33 defect re-introduced at a new geography. Gating instead on a FIXED, reach-INDEPENDENT presence test (≤800 m for ≥12/15, as gaps.py's `_eligible_universe` already does) restores it: 0 pairs removed for all candidates. Rule to hold: the eligibility gate must never depend on the reach table. Fixed gate yields 607,245 eligible addresses (79.1% of addresses, 90.7% of units).

Second finding: the 'exactly one missing' list is unstable at EVERY geography — ±10% reach gives Jaccard 0.41–0.58 against the D34 bar of ≥80%. That is a structural property of a binary knife-edge classification, not of any calibration, so the deliverable ranks addresses by a CONTINUOUS statistic (max nearest/reach ratio, or the lead's excess over reach) and does not publish a binary list. Also recorded: coverage correlation persists (−0.58 to −0.65); top clusters by units are single mega-lots (Co-op City towers, 10,914 and 9,669 units on one PLUTO lot), so clustering must be by building/lot group with a unit cap or the ranking is a housing-density list; Jaccard with the legacy 800 m/80% address output is 0.24 and that output is superseded.

Done 2026-09-05 (CHECKPOINT D39); retroactive ticket 2026-09-09. Pushed to Linear 2026-09-09 as GTM-122.",Done,1,5,"score,rigor",Loci,E2 · Access Engine
Benchmark mature Manhattan's market reach against the adopted floor tiers,"Owner question: what does the free market actually dictate in developed, zero-gap Manhattan (West Village, East Village and the like)? Measured over the 27,302 Manhattan addresses (768,847 units, 80.2% of the borough) with 0/15 gaps under reach_tiers.yaml; full table in docs/market_reach_manhattan.md.

Every category's unit-weighted p80 nearest distance sits far INSIDE the adopted reach: restaurant 80 m vs 400 (0.20), grocery 156 vs 800 (0.20), pharmacy 216 vs 800 (0.27), fitness 167 vs 1,200 (0.14), clinic 223 vs 960 (0.23), hardware 334 vs 960 (0.35), tailor 449 vs 960 (0.47), convenience 223 vs 400 (0.56), laundry 188 vs 320 (0.59). Not an artifact of the completeness filter (over ALL Manhattan addresses every category is still 16–74% of the adopted tier), not dominated by a few NTAs (top 10 = 49% of complete units, 36 of ~40 NTAs), no lot-size bias.

Consequences the artifact must carry: (1) under the adopted tiers Manhattan almost never gaps, so the screen's discriminating power lives in the outer boroughs — the D41 tiers are a FLOOR ('nobody should be beyond this'), not the market standard. (2) 'What the market dictates' is density-dependent: Manhattan's distances are short because its density is 19–30k units/km², and adopting them citywide would flag most of Queens. (3) The right refinement is therefore density-class reach — reach(c) per density class from complete areas within that class, so a gap means 'short of what places like this one actually have'. That is an owner modeling decision; the adopted D41 table stands until it is made.

Carry: complete-area p80s are supply-revealed and inherit D33's caveat (a citywide under-supplied category looks 'naturally' wide); pairing them with D41's cited floors bounds reach from both sides.

Done 2026-09-05 (CHECKPOINT D43); retroactive ticket 2026-09-09. Pushed to Linear 2026-09-09 as GTM-123.",Done,3,3,"score,model",Loci,E2 · Access Engine
ACS vehicle-ownership ingest (B08201 + B25044) and a renter_share MOE,"The pre-test came first and came back NEGATIVE, which is why the ingest was not optional. Over MN+BK hexes with population ≥ 100 (n = 1,875), renter_share's partial Spearman with reach outcomes NET of population density is 0.13 (POI/km²), 0.07 (present_count), −0.07 (median nearest m) and −0.02 (max_ratio, p = 0.37); it adds under 2 points of R² over log density, and in Manhattan the sign flips. Renter_share proxies DENSITY (ρ = 0.62 citywide), not mode (ρ = 0.09 within Manhattan), and its ACS MOE (17% of estimate, hex median 0.072) leaves 30% of MN+BK hexes indeterminate at a 0.70 cut. So a car-dependence signal needs a real vehicle variable.

Built: `grid/acs.py::build_acs` now pulls B08201_001E/M and _002E/M → `zero_vehicle_hh_share[_moe]`; B25044_002/003/009/010 E/M → `zero_vehicle_owner_share[_moe]` and `zero_vehicle_renter_share[_moe]`; and B25003_001M/_003M → `renter_share_moe`, which the table had been missing. All cells verified against the 2023 ACS variables.json, plus a runtime cross-table check (B25044 owner+renter totals vs B25003 total, raising above a 2% aggregate discrepancy). Extensive quantities are apportioned tract→hex by PLUTO unit share exactly as population and households already were; MOEs use root-sum-of-squares for apportioned sums and then the ACS-handbook proportion formula (`_moe_proportion`, with the documented negative-subtraction fallback). Raw response cached at data/raw/acs/tracts_2023.json (one call per vintage); 7 new nullable columns via ALTER TABLE ADD COLUMN IF NOT EXISTS; registry.yaml mirrors the variables. Rebuild: 5,978 hexes, row count unchanged. tests/test_acs.py 8 tests (6 new).

Headline: citywide median zero_vehicle_hh_share 0.321 (MOE 27.8% of estimate), MN+BK median 0.585 (MOE 14.2%, n = 1,960). Within MN+BK it correlates MORE with renter_share (0.712) than with population density (0.519), so whether it is a genuinely distinct mode signal is still open; no threshold or class was built on it.

CAVEAT the database cannot enforce: proportion MOEs on hexes with a near-zero apportioned housing-unit denominator can exceed 1 (one hex at households ≈ 1.8 shows renter_share_moe 5.3). Any consumer sorting or filtering on these MOE columns must also gate on a minimum apportioned denominator.

Done 2026-09-08 (CHECKPOINT D54); retroactive ticket 2026-09-09. Pushed to Linear 2026-09-09 as GTM-124.",Done,2,5,"grid,ingest",Loci,E1 · Ingest and Grid
In-building laundry as a supply input: LL84/LL133 hookups + StreetEasy advertised laundry,"Laundry is the second-largest lead category in the address screen, and the owner ruling that opened E10 also ruled that in-building laundry (basement or in-unit) is a SUPPLY-side input: an address that has it does not experience a laundromat gap. This ticket is the two sources for it.

LL84/LL133 benchmarking laundry hookups → staging.ll84_laundry, analysis.address_laundry: 30,966 BBLs, which clears 710 of 43,726 MN+BK laundry leads = 1.6%. The reason it clears so little is itself the finding: 92% of laundry leads are in buildings under 6 units, and LL84's 25,000 sq ft reporting threshold never covers them. Implementation note that will bite anyone re-running it — Socrata TRANSPOSES the in-unit and common-area columns across vintages, so fields are resolved by display name, not by field id. Second source: advertised laundry scraped from StreetEasy listing pages via Tavily (registry `streeteasy_listings`, verified).

What this means for the model, and why it is not a filter: NYCHVS 2023 says 74% of 1-unit and 50% of 2-unit MN+BK dwellings have an in-unit washer, so for small buildings in-building laundry can only ever be a RATE, never a per-address fact — it belongs in the grade as a demand haircut, not as supply subtracted from a count. Anchoring laundromat supply itself (the DCWP adapter, whose ingest was empty) is the companion half and is tracked under E10.

Done 2026-09-08 (CHECKPOINT D55); retroactive ticket 2026-09-09. Pushed to Linear 2026-09-09 as GTM-125.",Done,3,5,ingest,Loci,E1 · Ingest and Grid
Address-grain demographics: `analysis.address_demographics` from each lot's own tract,"URGENT because it is the missing carrier that made three days of work invisible: D49, D53 and D54 all landed on HEX tables the address screen never reads, so none of it reached anything the owner looks at. D38 made the residential address the unit; the demographics had not followed.

Method, chosen to be the least-modelled input possible: an address sits in exactly one tract, so the tract's ACS values and MOEs are taken AS-IS — no apportionment, no interpolation, no point-in-polygon join. Tract assignment is PLUTO's own `bct2020` field on the lot (the same field grid/acs.py already trusted for hex weights), so address → tract is a BBL lookup against the raw PLUTO extract; no TIGER download, and no new Census call (built from the existing raw ACS cache). Columns: tract GEOID, median_hh_income + moe (B19013), renter_share + moe (B25003, ACS-handbook proportion MOE via `_moe_proportion`), zero_vehicle_hh_share + moe (B08201), zero_vehicle_owner_share / zero_vehicle_renter_share + moe (B25044), population and households (B01003/B11001) for reference, acs_year.

Results: 767,337 rows, 767,331 with a tract (99.9992%; the 6 without get NULLs and are never dropped); 2,225 distinct tracts; ZERO tracts carry more than one distinct income value, which is the proof that this is a lookup and not an apportionment. Citywide median household income $91,389, MN+BK $83,083; median zero-vehicle share 31.2% citywide, 52.4% MN+BK; median income MOE 25.7% of estimate, and 53.0% of addresses sit within one MOE of the D49 threshold ($102,315) — the indeterminacy that retired the binary badge, reproduced at address grain.

CAVEAT the database cannot enforce: population and households are the tract's FULL count repeated on every address in it, so summing them across addresses is an N-times overcount; rates are safe per address or as medians. `analysis.hex_demographics` is frozen history from here on.

Implementation: src/loci/model/address_demographics.py, DDL in 002_schema.sql, `loci address-demographics [--dry-run]`; tests/test_address_demographics.py 6 tests.

Done 2026-09-09 (CHECKPOINT D56); retroactive ticket 2026-09-09. Pushed to Linear 2026-09-09 as GTM-126.",Done,1,5,"grid,ingest",Loci,E1 · Ingest and Grid
Move the Google validator's sampling frame to gap addresses (GTM-48 prerequisite),"URGENT and a hard prerequisite for GTM-48, because it is the check that decides whether ~$300 of Google budget buys anything. validation/sample.py still drew HEX CENTROIDS stratified by income decile from analysis.hex_demographics — points no lead refers to (a hex centroid can sit in a park, a rail yard or mid-block), validating a screen that no longer speaks in hexes (D38).

`draw_sample` now draws rows of analysis.address_gaps, restricted to MN+BK (D48) and to eligible lots, stratified income decile × missing-this-category. The income decile is NTILE(10) over analysis.address_demographics.median_hh_income — the tract's own ACS median on the lot's BBL (D56), no apportionment. The missing/present split is the whole point: measuring Google's enumeration only where loci says a category is MISSING cannot separate coverage bias from a real hole (D29, CONTEXT 7.1 prediction P3), so the PRESENT half of each stratum is the control. Both sides of every row are measured at the lot's own lon/lat at the D53 649 m radius, so the Google count and the local canonical count are like-for-like by construction. Address-weighted by default (one lot, one draw); `--unit-weighted` draws proportional to units_capped (Efraimidis–Spirakis, without replacement) for reading the sample as a statement about households behind a gap.

Schema: analysis.coverage_validation gains nullable address_id and borough; h3_index stays and is NULL on address rows. The hex-era PRIMARY KEY (h3_index, category) had to GO — a DuckDB PK column is implicitly NOT NULL and there is no ALTER TABLE DROP CONSTRAINT, so the table physically could not hold an address row; `sample.ensure_address_frame()` migrates an existing database (rename → re-apply 002_schema.sql → copy rows back by column name; guarded, no-op once migrated, never fires on --dry-run) and run() maintains uniqueness itself.

FRAMES MUST NEVER BE POOLED: the 2,970 rows written 2026-09-02/03 are the pre-D38 hex frame at the legacy 800 m disc (radius_m NULL) — different unit, different geometry, different radius. They stay for the D29 hardware/fitness/clinic split and are usable only against each other; every statistic must filter on one frame (h3_index IS NOT NULL or address_id IS NOT NULL).

Two facts GTM-48's budget request must carry, surfaced by the plan (20/stratum, 14 mapped categories, clinic skipped, 5,185 addresses over 265 strata = 5,277 calls at 649 m): grocery has ZERO missing addresses in the eligible MN+BK frame, so its 200 control calls buy no gap observations; and fitness/pharmacy/nails_beauty/hardware have income deciles with no missing address, so their missing arm is thinner than 10 strata. Also: plan()'s est_cost_usd assumes the 5,000 free calls are untouched, but 2,978 are already spent — the true incremental cost is nearer $170 than the printed $8.86. Budget off the ledger, not that number.

Code only; no Google call made, ledger still 2,978/3,000. CLI: `loci validate --per-stratum N --boroughs MN,BK [--unit-weighted] [--seed S] [--dry-run]`. Tests: tests/test_sample.py 16 (11 new).

Done 2026-09-09 (CHECKPOINT D58); retroactive ticket 2026-09-09. Pushed to Linear 2026-09-09 as GTM-127.",Done,1,5,"validation,rigor,critical",Loci,E4 · Validation and Artifact
"Supply-set re-run (principled), DCWP laundry anchor, alcohol overlay, E10 category plan","The D52 supply-set principle put into effect, plus the two source fixes it exposed. MN+BK re-run, under 5 minutes end to end.

Anchor coverage decides which categories the principle touches: it qualifies nails_beauty 3.04, bar 1.85, restaurant 1.46, convenience 1.43 (SNAP) and cafe_bakery 1.23 against ZBP; grocery 0.58 and hair_barber 0.39 are too thin, and eight categories have no anchor loaded at all. So PRINCIPLED dropped lone aggregator records ONLY in those five (restaurant 40,191→20,476, cafe 10,059→4,638, nails 9,810→4,308, bar 7,505→3,304, convenience 2,850→1,779; 36% overall) and the ten unanchored categories are bit-identical — which is the whole point of the principle over a global corroboration rule. Share of eligible addresses beyond reach rose only in those five (bar 25→39%, cafe 10→21%, convenience 9→15%, restaurant 3→5%); lead_category changed for 23% of eligible MN+BK addresses. The prior screen is kept as analysis.address_gaps_prev and data/interim/address_gaps_prev.parquet; provenance now records supply_set + supply_hash. A NULL-name crash in the booth-renter code was fixed.

Two caveats that must travel with the numbers: nails qualifies as anchored for the WRONG REASON — the DOS registry itself runs ~3× ZBP (residual booth renters, non-salon licences); and the webmap POI layer read poi_dedup.is_canonical directly, showing 100,213 known locations while gaps were measured against 64,303 (being fixed to read analysis.poi_supply and to draw excluded records distinctly).

Laundry anchor, and why the adapter had been silent: the DCWP LICENCE roster (w7w3-xahh) has no retail-laundry category at all — 6 'Laundries' licences, all expired 2023. Retail laundries exist only in DCWP INSPECTIONS (jzhd-m6uv, business_category 'Retail Laundry' and 'Dry Cleaners - 230'; industrial laundry excluded). The historical-licences file (m4ph-grrm) shows 2,587 CURRENT LAUNDRY rows but is a frozen October-2013 snapshot — recorded here so nobody takes the bait. Staged 2,277 MN+BK establishments (99.9% geocoded), 1,561 active; anchor_coverage 1,561/1,475 ZBP = 1.06, so laundry QUALIFIES. 1,015 are within 40 m of an existing canonical laundry, 546 are new. No staleness cut (inspections are enforcement-driven) and the feed starts 2023-07, so a never-inspected laundry is indistinguishable from a gap.

Alcohol overlay (D52(c)) shipped: every active SLA licence in MN+BK as a toggleable layer, symbol classes on_premises 10,757 / off_premises_liquor 863 / off_premises_beer 3,438 / other 451 / unclassified 617 (16,126 total), a drift test on the 55-value vocabulary, and verification that it touches neither the gap nor the POI layer. Liquor stays an overlay, never a 16th category.

Category expansion (D55) planned in the same pass and pushed as milestone E10: dentist (NPPES anchor verified, GTM-113), specialty_food (NYS Ag & Markets retail food stores 9a8c-vfzj, GTM-114), eye_care (NPPES covers only the clinical half, GTM-115), dollar_variety (no anchor, GTM-116), vet_pet (no bulk anchor exists, GTM-117), plus a mechanics ticket (TIER_WEIGHTS re-partition, MIN_PRESENT 12-of-15 re-derivation, max-ratio monotone in category count, GTM-112). Dropped with reasons: dry cleaners (already inside laundry, NAICS 812310+812320), shipping & mail (no anchor, and NAICS 491110 is government so ZBP can never check it), florist/books/phone repair (three unrelated codes, tiny counts), auto & gas (a drive-time trade area inside a pedestrian screen). Owner 2026-09-09: liquor stays a MAP OVERLAY and is dropped from E10 — D52(c) stands.

Listings: only StreetEasy unit pages expose amenities + address + past listings via Tavily (Zillow and RentHop render without amenities, Apartments.com refuses). Bay Ridge pilot: 222 listings / 52 BBLs, 173 in-building, 23 in-unit, 0 explicit none — silence is never absence — annotating 41 of 98 ≥6-unit laundry leads (2.2% of all Bay Ridge leads); address→BBL matched within 5 m from the page's own coordinates. Coverage is size-selected (median 38 units where found vs 14.5 where not) and archival (213/222 past listings). The owner-approved full MN+BK sweep (~34k calls, ~37k credits, ~$294, ≥6-unit addresses first, paced, parquet sink, one short merge) is tracked under GTM-125, not here.

Also queued behind the webmap fix, not part of this ticket: `loci ingest-dcwp --no-stage --apply && loci dedup` then score / address-gaps / export.

Done 2026-09-09 (CHECKPOINT D59); retroactive ticket 2026-09-09. Pushed to Linear 2026-09-09 as GTM-128.",Done,2,8,"ingest,score",Loci,E1 · Ingest and Grid
"ACS age/race/education/household-size at address grain + warehouse consolidation (34 → 26 objects, address long/wide split)","Owner asked for age, race/ethnicity, education and household size. grid/acs.py now pulls 118 E+M variables (every cell verified against the live 2023 variables.json; fetched in 3 chunks of ≤48 because the Census API caps a request at 50): median age (B01002); under-18, 18–34 and 65+ shares from B01001 summed across sexes, with 35–64 deliberately left as the residual so a fourth column cannot read as independent; white, Black and Asian non-Hispanic and Hispanic-any-race shares (B03002); bachelor's-or-higher share of 25+ (B15003); average household size (B25010) and one-person-household share (B11016). MOEs travel with every field: RSS for apportioned and multi-cell sums, the handbook proportion formula for shares, the incumbent weighted mean for the two intensive fields. A B01001-vs-B01003 per-tract population cross-check (>2% aggregate raises) joins the D54 B25044/B25003 one. Population-weighted hex figures against known NYC values: white NH 31.4% (~31), Black NH 20.7% (~22), Asian NH 14.6% (~15), Hispanic 28.5% (~29), college 39.7% (~40). Why the decision matters: these landed first on hex_demographics and were then COPIED onto address_gaps by containing hex — doubly modelled (tract→hex by unit share, hex→address by containment) and a step function at hex edges — while a parallel session built D56's tract-direct analysis.address_demographics the same day. Two tables answered one question. Ruling: the tract-direct table is canonical because a lot sits in exactly one tract and there is nothing to apportion; it was extended to the same 20 columns by IMPORTING acs.py's cell lists and helpers, the 36 hex-copied columns were stripped from the gap table, and a drift test fails if any hex demographic lacks an address twin. Unit-weighted citywide from the canonical table: white NH 35.0%, Black NH 19.1%, Asian NH 14.4%, Hispanic 26.7%, college 44.6%, median age 39.0, avg household 2.47 (units, not people, are the weight, so these differ from the hex figures by construction). Also caught: `loci address-demographics` had never been re-run after the extension landed, so every new column was NULL on all 767,337 rows until this session. Caveat the DB cannot enforce: share MOEs exceed 1 on a handful of near-empty denominators; gate on population before filtering on any *_moe. A catchment-weighted variant (demographics over the walk-shed rather than the lot's tract) is logged in QUESTIONS.md, not built.

Owner, on seeing 34 objects: ""we need to really watch for proliferation of tables."" Inventory showed the sprawl in the address layer — wide per-category tables that were pivots of an existing long table, a 200-row prototype (address_convenience) beside the table that replaced it, two orphans nothing wrote (address_gaps_prev, main.p), four hex screen outputs frozen since D38 (hex_gaps, hex_gaps_reach, hex_dnci, empty hex_outcomes), and two laundry-evidence tables with two views. Six items approved; five done, one rejected with reasons. Done: (1) one address-demographics source (D60); (2) orphans dropped; (3) hex screen outputs dropped, their writers and CLI commands retired under D38, the foundation hex tables kept because the address path still reads them for transit, jobs and reach; (4) `loci conveniences` is a read-only query over the long table — no second Dijkstra pass, nothing persisted; (5) the principled shape: analysis.address (one row per address: identity, summary, provenance stamped ONCE) + analysis.address_category (767,337 × 15 = 11,510,055 rows: nearest_m, ratio, and the D57 demand-annotation columns, which address_demand.py now writes by UPDATE only, with a pinned test asserting its SET-list is disjoint from the screen's own columns) and analysis.address_gaps as a VIEW generated from categories.yaml carrying every old column including the six provenance ones, so webmap_export, sql/004–006 and the supply-set tests work unchanged; (6a) address_laundry_evidence(bbl, source) replaces the two laundry tables and two views with one of each. REJECTED (6b): turning zip_coverage_check into a view over zip_coverage_by_source would silently drop 12 of 2,034 rows — the poi_count=0 ""Census sees establishments, Loci found none"" rows, the table's strongest undercoverage signal — because the by-source table inner-joins onto canonical POIs; reasoning is in the 002_schema.sql header. The bug the work surfaced: address_gaps_view_sql() had been designed but never wired into db.init_schema(), so a fresh test DB crashed at 004 with ""address_gaps does not exist"" (58 failed / 20 errors, reported by a parallel session and reproduced exactly); fixed by creating the view immediately after 002, since DuckDB resolves a view's query at CREATE time. Full pipeline rebuilt for all five boroughs on the live DB after a backup; non-filtering proof exact on the rebuild (count{ratio>1, eligible} = sum(n_missing) = 1,389,900); supply_hash unchanged (e2b7ef55e607). Full suite 333 passed. Rule that now lives in code rather than table boundaries: analysis.address + address_category hold exactly ONE run; comparing supply sets means a parquet snapshot between runs, never two copies in the warehouse. Standing rule from the owner: before creating a table, run the inventory; pivots and subsets become views, new measures extend the existing grain, provenance is stamped once on the parent.

Done 2026-09-09 (CHECKPOINT D60/D61). Pushed to Linear 2026-09-09 as GTM-129.",Done,2,8,"ingest,infra",Loci,E1 · Ingest and Grid
"Residential development pipeline: DCP Housing Database + DOB CO at job grain, pipeline exposure on analysis.address, webmap overlay","Owner asked (2026-09-09) to build the pipeline layer with DOB permits and CO dates, to answer the density-shock question (QUESTIONS T7): which gap addresses are about to gain residents? DCP Housing Database (br6q-ssj3, v25Q4, data through 2026-01-21): 109,076 jobs with unique job_number, 100% geocoded with BBL/BIN on MN+BK. Completion status derived from DOB CO feeds (bs8b-p36w BIS, pkdm-hqz6 DOB NOW, both refreshing daily). Trap: 436 MN+BK jobs (11,407 units) are still marked Permitted in DCP but hold a CO issued after the cutoff; joined on job_number to override DCP status stale. Data problems: pkdm-hqz6 CO date is text (MM/DD/YY h:mm:ss AM), bs8b-p36w contains a literal 2105-11-05 (both handled in the adapter). One new table analysis.dev_pipeline (one row per DOB job, 48,762 MN+BK jobs at job grain), 12 measures extended analysis.address by UPDATE only (units_permitted_400m, units_completed_24mo_400m / _60mo_400m, nearest_large_project_id / _units / _stage / _date, pipeline_asof): reusing score/access network-distance helpers, NOT address_category (because exposure is category-independent). Webmap: Development pipeline overlay (net_units ≥50, stages permitted / partial-CO / complete ≤60-mo; filed and withdrawn never drawn): 589 jobs (MN 210, BK 379; 108,528 homes), sized by band 50–99/100–299/300+, coloured by stage, hollow ring = temporary CO; gap popups carry the exposure; min-units-permitted selector filters the gap layer. Data dir 42 → 50.6 MB; nearest project dictionary-encoded per file. Suite 333 → 364. Caveats: (1) DCP vintage lag (forward pipeline is a floor); (2) TCO ≠ finished building (co_type filters); (3) zombie permits (1,348 jobs / 9,468 units, 23% of permitted, >5yr old never completed); (4) withdrawn-after-permit kept, excluded from measures; (5) negative net_units (demolitions) ingested, measures count ≥1; (6) never ratio units_complete and net_units; (7) 24mo ⊂ 60mo, never add; (8) job ≠ masterplan; (9) no under_construction stage, deliberately. Bug fixed: db.init_schema() builds address_gaps view after 002, ALTERs at tail of 002. Live run: 281,842 addresses annotated in 2m45s; non-filtering proof exact. Investor review (same day, QUESTIONS T7) found rooftops→retail lag is rational landlord optionality, not friction — pipeline is a timing annotation only. `loci ingest-dcp-housing`, `loci pipeline`, `loci export-webmap` all --dry-run. Registry drift fixed: lodes_wac temporal line corrected (loaded vintages are 2002/2013/2023, not annual series).

Done 2026-09-09 (CHECKPOINT D62); retroactive ticket 2026-09-10. Pushed to Linear 2026-09-10 as GTM-130.",Done,2,8,"ingest,viz",Loci,E1 · Ingest and Grid
